a	阿
a di đà phật	阿彌陀佛
a phiến	阿片
adiđàphật	阿彌陀佛
ai	埃
ai ai	埃ヌ
aiai	埃ヌ
an	安
anh	英	偀
anh chị	偀姉
anh chị em	偀姉㛪
anh em	偀㛪
anh họ	偀户	偀戶
anh quốc	英國
anhchị	偀姉
anhchịem	偀姉㛪
anhem	偀㛪
anhhọ	偀户	偀戶
anhquốc	英國
aphiến	阿片
ba	𠀧	爸
ba má	爸媽
bamá	爸媽
ban	班
ban ngày	班𣈜
ban sáng	班𤎜
ban tối	班最
ban đầu	班頭
bang	邦
banngày	班𣈜
bansáng	班𤎜
bantối	班最
banđầu	班頭
bao	包
bao giấy	包紙
bao giờ	包𣇞
bao nhiêu	包饒
bao tay	包𢬣
baogiấy	包紙
baogiờ	包𣇞
baonhiêu	包饒
baotay	包𢬣
bay	𠖤
biết	别
biết bao	别包
biết mặt	别𩈘
biết điều	别条	别條
biết đâu	别兜
biếtbao	别包
biếtmặt	别𩈘
biếtđiều	别条	别條
biếtđâu	别兜
biển	𣷷
biển nhật bản	𣷷日本
biển đông	𣷷東
biểnnhậtbản	𣷷日本
biểnđông	𣷷東
buổi	𣇜
buổi sáng	𣇜𤎜
buổi tối	𣇜最
buổisáng	𣇜𤎜
buổitối	𣇜最
bà	妑	婆
bà con	妑𡥵	婆𡥵
bà ngoại	妑外	婆外
bà nội	妑内	婆内
bàcon	妑𡥵	婆𡥵
bàn	盘	盤	搬
bàn chân	盘蹎	盤蹎
bàn cờ	盘碁	盤碁
bàn giao	搬交
bàn giấy	盘紙	盤紙
bàn luận	盘論	盤論
bàn ra	盘𦋦	盤𦋦
bàn tay	盘𢬣	盤𢬣
bàn ăn	盘咹	盤𩛖
bànchân	盘蹎	盤蹎
bàncờ	盘碁	盤碁
bàngiao	搬交
bàngiấy	盘紙	盤紙
bàngoại	妑外	婆外
bànluận	盘論	盤論
bànra	盘𦋦	盤𦋦
bàntay	盘𢬣	盤𢬣
bànăn	盘咹	盤𩛖
bànội	妑内	婆内
bác	伯
bác sĩ	伯士
bácsĩ	伯士
bán	𧸝	半
bán âm	半音
bán đảo	半島
bánâm	半音
bánđảo	半島
báo	報
bây	悲	𣊾
bây giờ	悲𣇞	𣊾𣇞
bây nhiêu	悲饒	𣊾饒
bâygiờ	悲𣇞	𣊾𣇞
bâynhiêu	悲饒	𣊾饒
bé	𡮣
bé con	𡮣𡥵
bécon	𡮣𡥵
bên	边
bên ngoài	边外
bên phải	边沛
bên trái	边賴
bênngoài	边外
bênphải	边沛
bêntrái	边賴
bình	評	平	瓶
bình an	平安
bình luận	評論
bình thuỷ	瓶水
bình thường	平常
bìnhan	平安
bìnhluận	評論
bìnhthuỷ	瓶水
bìnhthường	平常
bò	𤙭
bóng	䏾
bóng gió	䏾𩙌	䏾𩙋
bóng trăng	䏾𦝄
bóng đèn	䏾畑
bónggió	䏾𩙌	䏾𩙋
bóngtrăng	䏾𦝄
bóngđèn	䏾畑
bông	葻
bông hoa	葻花
bông lan	葻蘭
bông sen	葻蓮
bônghoa	葻花
bônglan	葻蘭
bôngsen	葻蓮
bạc	鉑
bạn	伴
bạn cũ	伴𫇰
bạn vàng	伴鐄
bạncũ	伴𫇰
bạnvàng	伴鐄
bản	本	版
bản doanh	本营	本營
bản đồ	版圖
bảndoanh	本营	本營
bảnđồ	版圖
bảo	保	𠸒
bảo hiểm	保險
bảo lãnh	保領
bảo toàn	保全
bảo trợ	保助
bảo vệ	保衛
bảohiểm	保險
bảolãnh	保領
bảotoàn	保全
bảotrợ	保助
bảovệ	保衛
bảy	𦉱
bất	不
bất hạnh	不幸
bất nhân	不仁
bất thường	不常
bấthạnh	不幸
bấtnhân	不仁
bấtthường	不常
bậy	呸
bắc	北
bắc kỳ	北圻
bắc mỹ	北美
bắckỳ	北圻
bắcmỹ	北美
bắt	扒
bắt đầu	扒頭
bắtđầu	扒頭
bằng	凭	憑	朋
bằng chứng	凭證	憑證
bằngchứng	凭證	憑證
bệnh	病
bệnh viện	病院
bệnhviện	病院
bị	被	備
bị động	被動
bịđộng	被動
bỏ	𠬃
bỏ chạy	𠬃𧼋
bỏ không	𠬃空
bỏ mặc	𠬃默
bỏ qua	𠬃戈
bỏ đi	𠬃𠫾
bỏchạy	𠬃𧼋
bỏkhông	𠬃空
bỏmặc	𠬃默
bỏqua	𠬃戈
bỏđi	𠬃𠫾
bố	布	佈	𢂞
bố mẹ	𢂞媄
bố trận	佈陣
bốmẹ	𢂞媄
bốn	𦊚
bốn phương	𦊚方
bốnphương	𦊚方
bốtrận	佈陣
bộ	部	步
bộ hành	步行
bộ thủ	部首
bộ trưởng	部長
bộ đội	步隊
bộhành	步行
bộthủ	部首
bộtrưởng	部長
bộđội	步隊
bởi	𤳄
bởi vì	𤳄為	𤳄爲
bởivì	𤳄為	𤳄爲
bụng	䏾
cao	高
cao cấp	高級
cao thượng	高上
cao xa	高賖
cao điểm	高點
cao đẹp	高𢢲
caocấp	高級
caothượng	高上
caoxa	高賖
caođiểm	高點
caođẹp	高𢢲
cha	吒
cha mẹ	吒媄
chamẹ	吒媄
chi	支
chia	𢺺
chia sẻ	𢺺𢩿
chia tay	𢺺𢬣
chiasẻ	𢺺𢩿
chiatay	𢺺𢬣
chim	𪀄
chiếc	隻
chiến	戰
chiến thuyền	戰船
chiến trận	戰陣
chiếnthuyền	戰船
chiếntrận	戰陣
chiều	朝
chiều cao	朝高
chiều dài	朝𨱽
chiềucao	朝高
chiềudài	朝𨱽
cho	朱
cho biết	朱别
cho nên	朱𢧚
chobiết	朱别
chonên	朱𢧚
chuyện	𡀯
chuyện tình	𡀯情
chuyệntình	𡀯情
chào	嘲
cháu	𡥙
chân	蹎
chân mây	蹎𩄲
chân tay	蹎𢬣
chânmây	蹎𩄲
chântay	蹎𢬣
châu	珠	洲
châu á	洲亜	洲亞
châu âu	洲歐
châu đại dương	洲大洋
châuá	洲亜	洲亞
châuâu	洲歐
châuđạidương	洲大洋
chí	志
chín	𠃩
chính	正	政
chính phủ	政府
chính thể	正体	正體
chính thức	正式
chính trị	政治
chính trị gia	政治家
chính trị phạm	政治犯
chính đảng	政党	政黨
chínhphủ	政府
chínhthể	正体	正體
chínhthức	正式
chínhtrị	政治
chínhtrịgia	政治家
chínhtrịphạm	政治犯
chínhđảng	政党	政黨
chóm trưởng	呫長
chómtrưởng	呫長
chú	注
chú thích	注釋
chú ý	注意
chúa	主
chúng	眾
chúng ta	眾些
chúng tôi	眾碎	眾倅
chúngta	眾些
chúngtôi	眾碎	眾倅
chúthích	注釋
chúý	注意
chơi	𨔈
chơi chữ	𨔈𡦂	𨔈𡨸
chơichữ	𨔈𡦂	𨔈𡨸
chưa	渚	𣗓
chương	章
chương trình	章程
chươngtrình	章程
chạy	𧼋
chạy bộ	𧼋步
chạy theo	𧼋遶
chạybộ	𧼋步
chạytheo	𧼋遶
chấp	执	執
chấp chính	执政	執政
chấp hành	执行	執行
chấpchính	执政	執政
chấphành	执行	執行
chế	制	製
chế phẩm	制品	製品
chế tác	制作	製作
chế tạo	制造	製造
chế độ	制度	製度
chếphẩm	制品	製品
chếtác	制作	製作
chếtạo	制造	製造
chếđộ	制度	製度
chỉ	只	𥿗	指
chỉ số	指数
chỉ số kinh tế	指数経济	指数經濟
chỉ thị	指示
chỉsố	指数
chỉsốkinhtế	指数経济	指数經濟
chỉthị	指示
chị	姉
chị em	姉㛪
chịem	姉㛪
chủ	主
chủ nhân	主人
chủ nhật	主日
chủ thể	主体	主體
chủ trị	主治
chủ đề	主題
chủnhân	主人
chủnhật	主日
chủthể	主体	主體
chủtrị	主治
chủđề	主題
chức	織
chứng	證
chữ	𡦂	𡨸
chữ hán	𡦂漢	𡨸漢
chữ mắt	𡦂眜	𡨸眜
chữ nôm	𡦂喃	𡨸喃
chữ thập đỏ	𡦂十𧹼	𡨸十𧹼
chữ viết	𡦂曰	𡨸曰
chữhán	𡦂漢	𡨸漢
chữmắt	𡦂眜	𡨸眜
chữnôm	𡦂喃	𡨸喃
chữthậpđỏ	𡦂十𧹼	𡨸十𧹼
chữviết	𡦂曰	𡨸曰
coi	䁛
coi thương	䁛常
coithương	䁛常
con	𡥵
con bé	𡥵𡮣
con gái	𡥵𡛔
con một	𡥵𠬠
con người	𡥵𠊛
con trai	𡥵𤳆
conbé	𡥵𡮣
congái	𡥵𡛔
conmột	𡥵𠬠
conngười	𡥵𠊛
contrai	𡥵𤳆
cuộc	局
cuộc đời	局𠁀
cuộcđời	局𠁀
cá	𩵜
cá biển	𩵜𣷷
cá vàng	𩵜鐄
cá đồng	𩵜垌
cábiển	𩵜𣷷
các	各
các bạn	各伴
các vị	各位
cácbạn	各伴
cách	格	革
cách làm	格爫
cách mạng	革命
cáchlàm	格爫
cáchmạng	革命
cácvị	各位
cái	丐
cái gì	丐之	丐咦
cái này	丐尼	丐呢
cái đó	丐妬
cáigì	丐之	丐咦
cáinày	丐尼	丐呢
cáiđó	丐妬
cám ơn	感恩
cámơn	感恩
cávàng	𩵜鐄
cáđồng	𩵜垌
cân	斤
cân thư	斤書
cânthư	斤書
câu	句
câu hỏi	句𠳨
câuhỏi	句𠳨
cây	𣘃
cây số	𣘃数
cây viết	𣘃曰
câysố	𣘃数
câyviết	𣘃曰
còn	群
còn lại	群吏
cònlại	群吏
có	固
có khi	固欺
có lý	固理
có quyền	固权	固權
có thể	固体	固體
có tuổi	固歲
có điều	固条	固條
cókhi	固欺
cólý	固理
cóquyền	固权	固權
cóthể	固体	固體
cótuổi	固歲
cóđiều	固条	固條
cô	姑
cô giáo	姑教
côgiáo	姑教
công	工	公	功
công an	公安
công bố	公佈
công nghiệp	工業
công nghệ	工芸	工藝
công nhân	工人
công nhận	公認
công thức	公式
công ty	公司
công tác	工作
công việc	工役
công xã	公社
côngan	公安
côngbố	公佈
côngnghiệp	工業
côngnghệ	工芸	工藝
côngnhân	工人
côngnhận	公認
côngthức	公式
côngty	公司
côngtác	工作
côngviệc	工役
côngxã	公社
cõi	𡎝
cùng	共
cũ	𫇰
cũng	拱
cơ	机	機	基
cơ bản	基本
cơ hội	机会	機會
cơ quan	机関	機關
cơ thể	机体	機體
cơbản	基本
cơhội	机会	機會
cơm	粓
cơquan	机関	機關
cơthể	机体	機體
cười	唭
cả	哿
cải	改
cải cách	改革
cải tổ	改組
cảicách	改革
cảitổ	改組
cảm	感
cảm thương	感傷
cảm thấy	感𧡊
cảm ơn	感恩
cảmthương	感傷
cảmthấy	感𧡊
cảmơn	感恩
cảnh	景	警
cảnh tình	景情
cảnh vật	景物
cảnh vệ	警衛
cảnhtình	景情
cảnhvật	景物
cảnhvệ	警衛
cấp	級	急
cấp thời	急時
cấpthời	急時
cần	勤
cần yếu	勤要
cầnyếu	勤要
cầu	求
cầu xin	求吀
cầuxin	求吀
cận	近
cận thị	近視
cận đại	近代
cậnthị	近視
cậnđại	近代
cập	及
cắt	割
cổ	古
cổ điển	古典
cổđiển	古典
cộng	共
cộng hoà	共和
cộng sản	共産
cộng đồng	共同
cộnghoà	共和
cộngsản	共産
cộngđồng	共同
cờ	旗	碁
của	𧵑
của công	𧵑公
củacông	𧵑公
cứ	拠
cứ điểm	拠點
cứu	究
cứđiểm	拠點
cử	舉
cử hành	舉行
cử nhân	舉人
cửa	𨴦	𨷶
cửa hàng	𨴦行	𨷶行
cửa sổ	𨴦数	𨷶数
cửahàng	𨴦行	𨷶行
cửasổ	𨴦数	𨷶数
cửhành	舉行
cửnhân	舉人
da	䏧
da thuộc	䏧屬
danh	名
danh từ	名詞
danhtừ	名詞
dathuộc	䏧屬
do	由
doanh	营	營
doanh nghiệp	营業	營業
doanh số	营数	營数
doanhnghiệp	营業	營業
doanhsố	营数	營数
duy nhất	唯一
duynhất	唯一
dài	𨱽
dân	民
dân chủ	民主
dân cử	民舉
dân quyền	民权	民權
dân số	民数
dân sự	民事
dân vệ	民衛
dânchủ	民主
dâncử	民舉
dânquyền	民权	民權
dânsố	民数
dânsự	民事
dânvệ	民衛
dây	絏
dây điện	絏電
dâyđiện	絏電
dãy	𧿆
dãy núi	𧿆𡶀
dãynúi	𧿆𡶀
dù	𠶢
dù rằng	𠶢浪	𠶢哴
dù sao	𠶢牢
dùng	用
dùrằng	𠶢浪	𠶢哴
dùsao	𠶢牢
dương	洋
dưới	𤲂
dược	藥
dược học	藥学	藥學
dược liệu	藥料
dược phòng	藥房
dược phẩm	藥品
dược sĩ	藥士
dược điển	藥典
dượchọc	藥学	藥學
dượcliệu	藥料
dượcphòng	藥房
dượcphẩm	藥品
dượcsĩ	藥士
dượcđiển	藥典
dạ	唯
dạ vâng	唯𠳐
dạvâng	唯𠳐
dạy	𠰺
dạy bảo	𠰺保
dạy học	𠰺学	𠰺學
dạybảo	𠰺保
dạyhọc	𠰺学	𠰺學
dầu	油
dầu ăn	油咹	油𩛖
dầuăn	油咹	油𩛖
dắt	𢩮
dễ	易
dễ thương	易傷
dễ thường	易常
dễthương	易傷
dễthường	易常
dịch	譯
dịch vụ	役務
dịchvụ	役務
dụng	用
dự	預
dự báo	預報
dự chi	預支
dự kiến	預見
dự án	預案
dự định	預定
dựa	豫
dựa trên	豫𨕭
dựatrên	豫𨕭
dựbáo	預報
dựchi	預支
dựkiến	預見
dựng	𥩯
dựán	預案
dựđịnh	預定
em	㛪
em bé	㛪𡮣
embé	㛪𡮣
gia	家	加
gia cảnh	家景
gia nhập	加入
gia vị	加味
gia đình	家庭
gia đình bên nội	家庭边内
gia đình trị	家庭治
giacảnh	家景
gian	間
gianhập	加入
giao	交
giao hàng	交行
giaohàng	交行
giavị	加味
giađình	家庭
giađìnhbênnội	家庭边内
giađìnhtrị	家庭治
già	𦓅
già cả	𦓅哿
già yếu	𦓅要
già đời	𦓅𠁀
giàcả	𦓅哿
giàyếu	𦓅要
giàđời	𦓅𠁀
giá	价	價
giá mắt	价眜	價眜
giá thị trường	价市場	價市場
giá trị	价値	價値
giámắt	价眜	價眜
giáo	教
giáo sư	教師
giáo viên	教員
giáo vụ	教務
giáo đường	教堂
giáosư	教師
giáoviên	教員
giáovụ	教務
giáođường	教堂
giáp	夾
giáp chiến	夾戰
giáp giới	夾界
giáp hạt	夾籺
giáp mặt	夾𩈘
giápchiến	夾戰
giápgiới	夾界
giáphạt	夾籺
giápmặt	夾𩈘
giáthịtrường	价市場	價市場
giátrị	价値	價値
gió	𩙌	𩙋
gió mưa	𩙌𩅹	𩙋𩅹
gió trăng	𩙌𦝄	𩙋𦝄
gió đông	𩙌東	𩙋東
giómưa	𩙌𩅹	𩙋𩅹
giótrăng	𩙌𦝄	𩙋𦝄
gióđông	𩙌東	𩙋東
giúp	𠢞
giúp đỡ	𠢞拖
giúpđỡ	𠢞拖
giải	解
giải nghĩa	解義
giải quyết	解決
giải thích	解釋
giảinghĩa	解義
giảiquyết	解決
giảithích	解釋
giấy	紙
giấy báo	紙報
giấy bạc	紙鉑
giấy in	紙印
giấy viết thư	紙曰書
giấy đánh máy	紙打𣛠
giấy ảnh	紙影
giấybáo	紙報
giấybạc	紙鉑
giấyin	紙印
giấyviếtthư	紙曰書
giấyđánhmáy	紙打𣛠
giấyảnh	紙影
giới	界
giới hạn	界限
giớihạn	界限
giờ	𣇞
giờ làm việc	𣇞爫役
giờ đây	𣇞低
giờlàmviệc	𣇞爫役
giờđây	𣇞低
giữ	𡨹
giữ lòng	𡨹𢚸
giữ lời	𡨹𠳒
giữ miệng	𡨹𠰘
giữ ý	𡨹意
giữa	𡨌
giữlòng	𡨹𢚸
giữlời	𡨹𠳒
giữmiệng	𡨹𠰘
giữý	𡨹意
gái	𡛔
gây	𢲧
gây chiến	𢲧戰
gây chuyện	𢲧𡀯
gây dựng	𢲧𥩯
gâychiến	𢲧戰
gâychuyện	𢲧𡀯
gâydựng	𢲧𥩯
gì	之	咦
gấp	急
gần	𧵆
gần xa	𧵆賖
gầnxa	𧵆賖
gọi	噲
gọi cửa	噲𨴦	噲𨷶
gọi là	噲羅
gọicửa	噲𨴦	噲𨷶
gọilà	噲羅
hai	𠄩
hay	咍
hay là	咍羅
hay quá	咍過
hay sao	咍牢
haylà	咍羅
hayquá	咍過
haysao	咍牢
hiểm	險
hiểu	曉
hiểu biết	曉别
hiểubiết	曉别
hiện	現
hiện nay	現𠉞
hiện tiền	現前
hiện tại	現在
hiện đại	現代
hiệnnay	現𠉞
hiệntiền	現前
hiệntại	現在
hiệnđại	現代
hoa	花	華
hoa kỳ	花旗
hoa trà	花茶
hoakỳ	花旗
hoatrà	花茶
hoà	和
hoà bình	和平
hoàbình	和平
hoá	化
hoá học	化学	化學
hoá trị	化値
hoáhọc	化学	化學
hoátrị	化値
hoặc	或
hoặc là	或羅
hoặclà	或羅
hà	河
hà nội	河内
hàng	行	航
hàng chữ	行𡦂	行𡨸
hàng hải	航海
hàng không	航空
hàngchữ	行𡦂	行𡨸
hànghải	航海
hàngkhông	航空
hành khách	行客
hànhkhách	行客
hànội	河内
hán	漢
hán việt	漢越
hán văn	漢文
hánviệt	漢越
hánvăn	漢文
hãng	行
hình	形
hình thành	形成
hình ảnh	形影
hìnhthành	形成
hìnhảnh	形影
hòn	𡉕
hòn đảo	𡉕島
hònđảo	𡉕島
hôm	歆	𣋚
hôm nay	歆𠉞	𣋚𠉞
hôm qua	歆戈	𣋚戈
hôm sau	歆𡢐	𣋚𡢐
hôm xưa	歆𠸗	𣋚𠸗
hômnay	歆𠉞	𣋚𠉞
hômqua	歆戈	𣋚戈
hômsau	歆𡢐	𣋚𡢐
hômxưa	歆𠸗	𣋚𠸗
hơn	欣
hương	香	鄉
hương liệu	香料
hương tục	鄉俗
hương vị	香味
hươngliệu	香料
hươngtục	鄉俗
hươngvị	香味
hưởng	響
hạch	核
hạch nhân	核仁
hạchnhân	核仁
hạn	限
hạnh	幸	杏
hạnh nhân	杏仁
hạnhnhân	杏仁
hạt châu	籺珠
hạt mưa	籺𩅹
hạt sen	籺蓮
hạt tiêu	籺椒
hạtchâu	籺珠
hạtmưa	籺𩅹
hạtsen	籺蓮
hạttiêu	籺椒
hải	海
hải khẩu	海口
hải nam	海南
hải ngoại	海外
hải quan	海関	海關
hải quân	海軍
hảikhẩu	海口
hảinam	海南
hảingoại	海外
hảiquan	海関	海關
hảiquân	海軍
hận	恨
hậu	後
hậu thuộc địa	後屬地
hậu đường	後堂
hậuthuộcđịa	後屬地
hậuđường	後堂
hết	歇
hết cả	歇哿
hếtcả	歇哿
hệ	係	系
hệ số	係数
hệ thống	系統
hệsố	係数
hệthống	系統
họ	户	戶
học	学	學
học hành	学行	學行
học sinh	学生	學生
học thuộc lòng	学屬𢚸	學屬𢚸
học viện	学院	學院
học vấn	学問	學問
học đường	学堂	學堂
họchành	学行	學行
họcsinh	学生	學生
họcthuộclòng	学屬𢚸	學屬𢚸
họcviện	学院	學院
họcvấn	学問	學問
họcđường	学堂	學堂
hỏi	𠳨
hối	悔
hối hận	悔恨
hối tiếc	悔惜
hốihận	悔恨
hốitiếc	悔惜
hồng	紅
hồng hà	紅河
hồng thập tự	紅十字
hồnghà	紅河
hồngthậptự	紅十字
hỗ	互
hỗ trợ	互助
hỗtrợ	互助
hộ khẩu	户口	戶口
hội	会	會
hộkhẩu	户口	戶口
hộp	盒
hộp thư	盒書
hộpthư	盒書
hột	籺
hợp	合
hợp bang	合邦
hợp doanh	合营	合營
hợp phần	合分
hợpbang	合邦
hợpdoanh	合营	合營
hợpphần	合分
in	印
khi	欺
khi nào	欺芇
khinào	欺芇
khoa	科
khoa học	科学	科學
khoa trưởng	科長
khoahọc	科学	科學
khoatrưởng	科長
khoẻ	劸
khu	區
khu phố	區鋪
khu vực	區域
khuphố	區鋪
khuvực	區域
khác	恪
khác biệt	恪别
khác thường	恪常
khácbiệt	恪别
khách	客
khách địa	客地
kháchđịa	客地
khácthường	恪常
khí	氣
khó	𧁷
khó khăn	𧁷巾
khó lòng	𧁷𢚸
khókhăn	𧁷巾
khólòng	𧁷𢚸
không	空
không bao giờ	空包𣇞
không gì	空之	空咦
không khí	空氣
không kể	空計	空𠸥
không sao	空牢
không thể	空体	空體
khôngbaogiờ	空包𣇞
khônggì	空之	空咦
khôngkhí	空氣
khôngkể	空計	空𠸥
khôngsao	空牢
khôngthể	空体	空體
khăn	巾
khảo	考
khảo cứu	考究
khảo tra	考查
khảocứu	考究
khảotra	考查
khẩu	口
khẩu phần	口分
khẩuphần	口分
khắp	泣
khắp nơi	泣坭
khắpnơi	泣坭
khổ	苦
khổng	孔
khổng giáo	孔教
khổng tử	孔子
khổnggiáo	孔教
khổngtử	孔子
kinh	経	經
kinh doanh	経营	經營
kinh sử	経史	經史
kinh tài	経財	經財
kinh tế	経济	經濟
kinhdoanh	経营	經營
kinhsử	経史	經史
kinhtài	経財	經財
kinhtế	経济	經濟
kiếm	劍
kiếm thuật	劍朮	劍術
kiếmthuật	劍朮	劍術
kiến	見
kiện	件
kêu	叫	呌
kêu cầu	叫求	呌求
kêu gọi	叫噲	呌噲
kêu trời	叫𡗶	呌𡗶
kêucầu	叫求	呌求
kêugọi	叫噲	呌噲
kêutrời	叫𡗶	呌𡗶
kết	結
kết hợp	結合
kết quả	結果
kếthợp	結合
kếtquả	結果
kể	計	𠸥
kể ra	計𦋦	𠸥𦋦
kể trên	計𨕭	𠸥𨕭
kểra	計𦋦	𠸥𦋦
kểtrên	計𨕭	𠸥𨕭
kỳ	奇	期	圻
kỷ	紀
kỷ nguyên	紀元
kỷnguyên	紀元
lan	蘭
liên	連	聯
liên bang	聯邦
liên doanh	聯营	聯營
liên hệ	聯係
liên hợp	聯合
liên kết	連結
liên quan	聯関	聯關
liên tỉnh	聯省
liênbang	聯邦
liêndoanh	聯营	聯營
liênhệ	聯係
liênhợp	聯合
liênkết	連結
liênquan	聯関	聯關
liêntỉnh	聯省
liệu	料
long	龍
loại	類
luận	論
luận cứ	論拠
luận ngữ	論語
luận đề	論題
luậncứ	論拠
luậnngữ	論語
luậnđề	論題
luật	律
luật sư	律師
luậtsư	律師
là	羅
làm	爫
làm cho	爫朱
làm giấy	爫紙
làm gì	爫之	爫咦
làm khách	爫客
làm sao	爫牢
làm việc	爫役
làmcho	爫朱
làmgiấy	爫紙
làmgì	爫之	爫咦
làmkhách	爫客
làmsao	爫牢
làmviệc	爫役
lâm	林
lâm học	林学	林學
lâmhọc	林学	林學
lãnh	領
lãnh sự	領事
lãnhsự	領事
lên	𨖲
lòng	𢚸
lúc	𣅶
lúc này	𣅶尼	𣅶呢
lúcnày	𣅶尼	𣅶呢
lý	李	理
lý do	理由
lýdo	理由
lượng	量
lại	吏	ヌ
lấy	𥙩
lần	吝
lần đầu	吝頭
lần đầu tiên	吝頭先
lầnđầu	吝頭
lầnđầutiên	吝頭先
lập	立
lắm	𡗋
lễ	礼	禮
lễ giáo	礼教	禮教
lễ trung thu	礼中秋	禮中秋
lễgiáo	礼教	禮教
lễtrungthu	礼中秋	禮中秋
lịch	歷	厤	曆
lịch sử	歷史
lịchsử	歷史
lỗi	纇
lớn	𡘯
lời	𠳒
lửa	焒
lửa lòng	焒𢚸
lửa tình	焒情
lửalòng	焒𢚸
lửatình	焒情
lực	力
lực lượng	力量
lựclượng	力量
mai	埋
mai một	埋𠬠
maimột	埋𠬠
minh	明
miền	沔
miền bắc	沔北
miền nam	沔南
miền trung	沔中
miềnbắc	沔北
miềnnam	沔南
miềntrung	沔中
mua	𧷸
muốn	悶	㦖
mà	麻	𦓡
màu	牟
màu sắc	牟色
màu xanh da trời	牟撑䏧𡗶	牟𩇢䏧𡗶
màusắc	牟色
màuxanhdatrời	牟撑䏧𡗶	牟𩇢䏧𡗶
má	媽
máu	𧖱
máu tham	𧖱貪
máutham	𧖱貪
máy	𣛠
máy bay	𣛠𠖤
máybay	𣛠𠖤
mây	𩄲
mình	𠵴
môi	媒
môi trường	媒場
môi trường học	媒場学	媒場學
môitrường	媒場
môitrườnghọc	媒場学	媒場學
mùi	味
mưa	𩅹
mười	𨑮
mạng	命
mạng người	命𠊛
mạngngười	命𠊛
mạnh	孟
mạnh khoẻ	孟劸
mạnhkhoẻ	孟劸
mất	𠅍
mất dạy	𠅍𠰺
mấtdạy	𠅍𠰺
mấy	𠇍
mắt	眜
mặc	默
mặc cảm	默感
mặc dù	默𠶢
mặc dầu	默𠶢
mặccảm	默感
mặcdù	默𠶢
mặcdầu	默𠶢
mặt	𩈘
mặt tiền	𩈘前
mặt trăng	𩈘𦝄
mặt trận	𩈘陣
mặttiền	𩈘前
mặttrăng	𩈘𦝄
mặttrận	𩈘陣
mẹ	媄
mọi	𤞦
mọi người	𤞦𠊛
mọingười	𤞦𠊛
mỗi	每
một	𠬠	没
một cái	𠬠丐
một dược	没藥
một lúc	𠬠𣅶
một lần	𠬠吝
một nghìn	𠬠𠦳
một triệu	𠬠兆
một trăm	𠬠𤾓
một vạn	𠬠万	𠬠萬
một ít	𠬠𠃣
mộtcái	𠬠丐
mộtdược	没藥
mộtlúc	𠬠𣅶
mộtlần	𠬠吝
mộtnghìn	𠬠𠦳
mộttriệu	𠬠兆
mộttrăm	𠬠𤾓
mộtvạn	𠬠万	𠬠萬
mộtít	𠬠𠃣
mới	㵋
mới đây	㵋低
mớiđây	㵋低
mục	目
mỹ	美
mỹ thuật	美朮	美術
mỹthuật	美朮	美術
nam	南
nam dương	南洋
nam kỳ	南圻
namdương	南洋
namkỳ	南圻
nay	𠉞
ngay	𣦍
ngay khi	𣦍欺
ngay ngắn	𣦍𥐉
ngay thật	𣦍實
ngaykhi	𣦍欺
ngayngắn	𣦍𥐉
ngaythật	𣦍實
nghe	𦖑
nghe lời	𦖑𠳒
nghelời	𦖑𠳒
nghiên	研
nghiên cứu	研究
nghiên cứu sinh	研究生
nghiêncứu	研究
nghiêncứusinh	研究生
nghiệp	業
nghìn	𠦳
nghĩa	義
nghĩa vụ	義務
nghĩavụ	義務
nghề	芸	藝
nghề nghiệp	芸業	藝業
nghềnghiệp	芸業	藝業
nghệ thuật	芸朮	藝術
nghệthuật	芸朮	藝術
ngon	𤯆
ngon miệng	𤯆𠰘
ngon mắt	𤯆眜
ngonmiệng	𤯆𠰘
ngonmắt	𤯆眜
ngoài	外
ngoài giao	外交
ngoài miệng	外𠰘
ngoàigiao	外交
ngoàimiệng	外𠰘
ngoại quốc	外國
ngoạiquốc	外國
nguy	危
nguy hiểm	危險
nguyhiểm	危險
nguyên	元
nguyên niên	元年
nguyên âm	元音
nguyênniên	元年
nguyênâm	元音
nguyễn	阮
ngài	𠊚
ngàn	𠦳
ngày	𣈜
ngày lễ	𣈜礼	𣈜禮
ngày nay	𣈜𠉞
ngày sau	𣈜𡢐
ngày tháng	𣈜𣎃
ngày thường	𣈜常
ngày xưa	𣈜𠸗
ngàylễ	𣈜礼	𣈜禮
ngàynay	𣈜𠉞
ngàysau	𣈜𡢐
ngàytháng	𣈜𣎃
ngàythường	𣈜常
ngàyxưa	𣈜𠸗
ngân	銀
ngân hàng	銀行
ngân hàng máu	銀行𧖱
ngânhàng	銀行
ngânhàngmáu	銀行𧖱
ngói	瓦
ngôn	言
ngôn ngữ	言語
ngônngữ	言語
ngũ	五
ngũ thường	五常
ngũthường	五常
người	𠊛
người ta	𠊛些
người việt	𠊛越
người xưa	𠊛𠸗
ngườita	𠊛些
ngườiviệt	𠊛越
ngườixưa	𠊛𠸗
ngắn	𥐉
ngủ	𥄬
ngủ ngon	𥄬𤯆
ngủngon	𥄬𤯆
ngữ	語
ngữ hệ	語系
ngữhệ	語系
nhau	膮
nhiên	然
nhiêu	饒
nhiều	𡗉
nhiều khi	𡗉欺
nhiều lời	𡗉𠳒
nhiềukhi	𡗉欺
nhiềulời	𡗉𠳒
nhà	茹
nhà cửa	茹𨴦	茹𨷶
nhà hàng	茹行
nhà khách	茹客
nhà nước	茹渃
nhà trẻ	茹𥘷
nhà tôi	茹碎	茹倅
nhà vua	茹𤤰
nhà văn	茹文
nhà ở	茹於
nhàcửa	茹𨴦	茹𨷶
nhàhàng	茹行
nhàkhách	茹客
nhànước	茹渃
nhàtrẻ	茹𥘷
nhàtôi	茹碎	茹倅
nhàvua	茹𤤰
nhàvăn	茹文
nhàở	茹於
nhân	人	仁
nhân dân	人民
nhân loại	人類
nhân loại học	人類学	人類學
nhân nghĩa	仁義
nhân tạo	人造
nhân viên	人員
nhân đức	人德
nhândân	人民
nhânloại	人類
nhânloạihọc	人類学	人類學
nhânnghĩa	仁義
nhântạo	人造
nhânviên	人員
nhânđức	人德
nhì	二
nhìn	𥆾
nhìn thấy	𥆾𧡊
nhìnthấy	𥆾𧡊
nhóm	呫
như	如
như cũ	如𫇰
như không	如空
như là	如羅
như thế	如勢
như thế nào	如勢芇
như vậy	如丕
nhưcũ	如𫇰
nhưkhông	如空
nhưlà	如羅
nhưng	仍
nhưng mà	仍麻	仍𦓡
nhưngmà	仍麻	仍𦓡
nhưthế	如勢
nhưthếnào	如勢芇
nhưvậy	如丕
nhạc	樂
nhất	一
nhất là	一羅
nhất định	一定
nhấtlà	一羅
nhấtđịnh	一定
nhận	認
nhận biết	認别
nhận lời	認𠳒
nhận mặt	認𩈘
nhận ra	認𦋦
nhậnbiết	認别
nhậnlời	認𠳒
nhậnmặt	認𩈘
nhậnra	認𦋦
nhập	入
nhập cuộc	入局
nhập cảnh	入景
nhập học	入学	入學
nhập hội	入会	入會
nhập khẩu	入口
nhập nội	入内
nhậpcuộc	入局
nhậpcảnh	入景
nhậphọc	入学	入學
nhậphội	入会	入會
nhậpkhẩu	入口
nhậpnội	入内
nhật	日
nhật dụng	日用
nhậtdụng	日用
nhị nguyên	二元
nhịnguyên	二元
nhỏ	𡮈
nhỏ tuổi	𡮈歲
nhỏ yếu	𡮈要
nhỏtuổi	𡮈歲
nhỏyếu	𡮈要
nhớ	𢖵
nhớ lại	𢖵吏
nhớ nhà	𢖵茹
nhớ ra	𢖵𦋦
nhớ thương	𢖵傷
nhớ tiếc	𢖵惜
nhớ đời	𢖵𠁀
nhớlại	𢖵吏
nhớnhà	𢖵茹
nhớra	𢖵𦋦
nhớthương	𢖵傷
nhớtiếc	𢖵惜
nhớđời	𢖵𠁀
những	仍
niên	年
niên thiếu	年少
niênthiếu	年少
non	嫩	𡽫
non nước	𡽫渃
non trẻ	嫩𥘷
nonnước	𡽫渃
nontrẻ	嫩𥘷
nào	芇
này	尼	呢
nên	𢧚
nên người	𢧚𠊛
nênngười	𢧚𠊛
nó	奴	伮
nói	吶	呐
nói chuyện	吶𡀯	呐𡀯
nói chơi	吶𨔈	呐𨔈
nói là	吶羅	呐羅
nóichuyện	吶𡀯	呐𡀯
nóichơi	吶𨔈	呐𨔈
nóilà	吶羅	呐羅
nôm	喃
núi	𡶀
núi lửa	𡶀焒
núi non	𡶀𡽫
núilửa	𡶀焒
núinon	𡶀𡽫
năm	𠄼	𢆥
năm xưa	𢆥𠸗
nămxưa	𢆥𠸗
năng	能
năng lượng	能量
năng lực	能力
năng động	能動
nănglượng	能量
nănglực	能力
năngđộng	能動
nơi	坭
nước	渃
nước hoa	渃花
nước mắt	渃眜
nước ngoài	渃外
nước sôi	渃炊
nước trà	渃茶
nước việt	渃越
nước đa	渃𥒥
nướchoa	渃花
nướcmắt	渃眜
nướcngoài	渃外
nướcsôi	渃炊
nướctrà	渃茶
nướcviệt	渃越
nướcđa	渃𥒥
nếu	𠮩	𡀮
nếu không	𠮩空	𡀮空
nếukhông	𠮩空	𡀮空
nội	内
nội năng	内能
nội trị	内治
nội tại	内在
nội vụ	内務
nội đường	内堂
nội địa	内地
nộinăng	内能
nộitrị	内治
nộitại	内在
nộivụ	内務
nộiđường	内堂
nộiđịa	内地
nữ	女
nữ học đường	女学堂	女學堂
nữ thần	女神
nữa	女
nữhọcđường	女学堂	女學堂
nữthần	女神
phi	飛
phi cơ	飛机	飛機
phi kiếm	飛劍
phi trường	飛場
phi đội	飛隊
phicơ	飛机	飛機
phikiếm	飛劍
phitrường	飛場
phiđội	飛隊
pháp	法
pháp quyền	法权	法權
pháp thuộc	法屬
pháp trị	法治
phápquyền	法权	法權
phápthuộc	法屬
pháptrị	法治
phát	發
phát hiện	發現
phát tiết	發節
phát triển	發展
phát vấn	發問
pháthiện	發現
pháttiết	發節
pháttriển	發展
phátvấn	發問
phân	分
phân biệt	分别
phân bố	分佈
phân chia	分𢺺
phân loại	分類
phân loại học	分類学	分類學
phânbiệt	分别
phânbố	分佈
phânchia	分𢺺
phânloại	分類
phânloạihọc	分類学	分類學
phèn	𥽢
phòng	房	防
phòng bị	防備
phòng khách	房客
phòng không	防空
phòng ngủ	房𥄬
phòng trà	房茶
phòng vệ	防衛
phòng ăn	房咹	房𩛖
phòngbị	防備
phòngkhách	房客
phòngkhông	防空
phòngngủ	房𥄬
phòngtrà	房茶
phòngvệ	防衛
phòngăn	房咹	房𩛖
phương	方
phường	坊
phạm	犯
phạm nhân	犯人
phạm pháp	犯法
phạmnhân	犯人
phạmpháp	犯法
phải	沛
phản	反
phản đối	反对	反對
phảnđối	反对	反對
phần	分
phần công	分工
phần lớn	分𡘯
phần nhiều	分𡗉
phần nào	分芇
phần trăm	分𤾓
phần tử	分子
phần việc	分役
phầncông	分工
phầnlớn	分𡘯
phầnnhiều	分𡗉
phầnnào	分芇
phầntrăm	分𤾓
phầntử	分子
phầnviệc	分役
phẩm	品
phẩm loại	品類
phẩmloại	品類
phật	佛
phật giáo	佛教
phật tổ	佛組
phật đường	佛堂
phậtgiáo	佛教
phậttổ	佛組
phậtđường	佛堂
phố	鋪
phố xá	鋪舍
phốxá	鋪舍
phủ	府
qua	戈
qua đời	戈𠁀
quan	関	關	觀
quan hệ	関係	關係
quan trọng	関重	關重
quan âm	觀音
quan điểm	觀點
quang	光
quanhệ	関係	關係
quantrọng	関重	關重
quanâm	觀音
quanđiểm	觀點
quađời	戈𠁀
quyết	決
quyết định	決定
quyết định luận	決定論
quyếtđịnh	決定
quyếtđịnhluận	決定論
quyền	权	權
quyền lực	权力	權力
quyền năng	权能	權能
quyềnlực	权力	權力
quyềnnăng	权能	權能
quá	過
quá lắm	過𡗋
quá trình	過程
quálắm	過𡗋
quátrình	過程
quân	軍
quân sự	軍事
quân đội	軍隊
quânsự	軍事
quânđội	軍隊
quả	果
quốc	國
quốc doanh	國营	國營
quốc gia	國家
quốc ngữ	國語
quốc phòng	國防
quốc tế	國际	國際
quốcdoanh	國营	國營
quốcgia	國家
quốcngữ	國語
quốcphòng	國防
quốctế	國际	國際
quỳ	跪
quỳnh	瓊
ra	𦋦
ra trận	𦋦陣
ra vào	𦋦𠓨
ra đi	𦋦𠫾
ratrận	𦋦陣
ravào	𦋦𠓨
rađi	𦋦𠫾
rất	慄
rất là	慄羅
rấtlà	慄羅
rằng	浪	哴
rồi	耒
rồi ra	耒𦋦
rồira	耒𦋦
rồng	龍
sao	牢
sau	𡢐
sau cùng	𡢐共
sau hết	𡢐歇
sau khi	𡢐欺
sau này	𡢐尼	𡢐呢
sau nữa	𡢐女
sau xưa	𡢐𠸗
sau đây	𡢐低
sau đó	𡢐妬
saucùng	𡢐共
sauhết	𡢐歇
saukhi	𡢐欺
saunày	𡢐尼	𡢐呢
saunữa	𡢐女
sauxưa	𡢐𠸗
sauđây	𡢐低
sauđó	𡢐妬
sen	蓮
sinh	生
sinh nhật	生日
sinh trưởng	生長
sinh viên	生員
sinh vật	生物
sinhnhật	生日
sinhtrưởng	生長
sinhviên	生員
sinhvật	生物
sách	冊	册
sáng	𤎜
sáng mắt	𤎜眜
sángmắt	𤎜眜
sáu	𦒹
sôi	炊
sĩ	士
sơn	山
sơn lâm	山林
sơnlâm	山林
sư	師
sư trưởng	師長
sưtrưởng	師長
sản	産
sản phẩm	産品
sản xuất	産出
sảnphẩm	産品
sảnxuất	産出
sắc	色
sắc đẹp	色𢢲
sắcđẹp	色𢢲
sẻ	𢩿
sẽ	𠱊
số	数
số liệu	数料
số lượng	数量
số ít	数𠃣
sốliệu	数料
sốlượng	数量
sống	𤯩
sốít	数𠃣
sợi	𥾘
sợi chỉ	𥾘𥿗
sợichỉ	𥾘𥿗
sứ	使
sử	史
sử dụng	使用
sử học	史学	史學
sử sách	史冊	史册
sửdụng	使用
sửhọc	史学	史學
sửsách	史冊	史册
sự	事
sự vật	事物
sựvật	事物
ta	些
tay	𢬣
tay trắng	𢬣𤽸
taytrắng	𢬣𤽸
tham	貪	参	參
tham chiến	参戰	參戰
tham gia	参加	參加
tham khảo	参考	參考
tham quan	参觀	參觀
tham tài	貪財
tham ăn	貪咹	貪𩛖
thamchiến	参戰	參戰
thamgia	参加	參加
thamkhảo	参考	參考
thamquan	参觀	參觀
thamtài	貪財
thamăn	貪咹	貪𩛖
thanh	青	清	聲
thanh long	青龍
thanh niên	青年
thanh thiên	青天
thanh toán	清算
thanh tra	清查
thanh tâm	清心
thanhlong	青龍
thanhniên	青年
thanhthiên	青天
thanhtoán	清算
thanhtra	清查
thanhtâm	清心
thay	台
thay vì	台為	台爲
thayvì	台為	台爲
theo	遶
thi	詩	試
thi cử	試舉
thi nhân	詩人
thicử	試舉
thinhân	詩人
thiên	天
thiên sứ	天使
thiên đường	天堂
thiênsứ	天使
thiênđường	天堂
thiếu	少
thiệt	寔
thu	秋
thuyền	船
thuyền trưởng	船長
thuyềntrưởng	船長
thuật	朮	術
thuộc	屬
thuộc lòng	屬𢚸
thuộc địa	屬地
thuộclòng	屬𢚸
thuộcđịa	屬地
thuỷ	水
thành	城	成	誠
thành công	成功
thành phần	成分
thành phố	城鋪
thành thật	誠實
thành thị	城市
thành thử	成此
thànhcông	成功
thànhphần	成分
thànhphố	城鋪
thànhthật	誠實
thànhthị	城市
thànhthử	成此
thái	太
thái bình	太平
thái bình dương	太平洋
thái tử	太子
tháibình	太平
tháibìnhdương	太平洋
tháitử	太子
tháng	𣎃
tháng tư	𣎃四
thángtư	𣎃四
thân	身
thân thể	身体	身體
thânthể	身体	身體
thêm	添
thì	時
thì giờ	時𣇞
thìgiờ	時𣇞
thích	適	釋
thích hợp	適合
thích ý	適意
thíchhợp	適合
thíchý	適意
thông	聪	聰	通
thông báo	通報
thông dụng	通用
thông minh	聪明	聰明
thông tin	通信
thôngbáo	通報
thôngdụng	通用
thôngminh	聪明	聰明
thôngtin	通信
thư	書
thư điện tử	書電子
thưđiệntử	書電子
thương	傷
thường	常
thường khi	常欺
thường ngày	常𣈜
thường nhật	常日
thường niên	常年
thường thường	常常
thườngkhi	常欺
thườngngày	常𣈜
thườngnhật	常日
thườngniên	常年
thườngthường	常常
thượng	上
thượng hải	上海
thượng khách	上客
thượng phẩm	上品
thượnghải	上海
thượngkhách	上客
thượngphẩm	上品
thất	失
thất thường	失常
thất trận	失陣
thấtthường	失常
thấttrận	失陣
thấy	𧡊
thần	神
thầy	偨
thầy giáo	偨教
thầygiáo	偨教
thập	十
thập niên	十年
thậpniên	十年
thật	實
thế	替	世	勢
thế giới	世界
thế kỷ	世紀
thế nào	勢芇
thế phẩm	替品
thế sự	世事
thế tục	世俗
thếgiới	世界
thếkỷ	世紀
thếnào	勢芇
thếphẩm	替品
thếsự	世事
thếtục	世俗
thể	体	體
thị	視	市	示
thị trường	市場
thịtrường	市場
thống	統
thổ	土
thời	時
thời cơ	時机	時機
thời gian	時間
thời kỳ	時期
thời tiết	時節
thời đại	時代
thờicơ	時机	時機
thờigian	時間
thờikỳ	時期
thờitiết	時節
thờiđại	時代
thủ	首	手
thủ trưởng	首長
thủ tướng	首將
thủtrưởng	首長
thủtướng	首將
thứ	次
thứ ba	次𠀧
thứ bảy	次𦉱
thứ hai	次𠄩
thứ nhì	次二
thứ nhất	次一
thứ năm	次𠄼
thứ sáu	次𦒹
thứ trưởng	次長
thứ tư	次四
thứ yếu	次要
thứba	次𠀧
thứbảy	次𦉱
thức	式
thức ăn	式咹	式𩛖
thứcăn	式咹	式𩛖
thứhai	次𠄩
thứnhì	次二
thứnhất	次一
thứnăm	次𠄼
thứsáu	次𦒹
thứtrưởng	次長
thứtư	次四
thứyếu	次要
thử	試	此
thực hiện	實現
thựchiện	實現
tin	信
tin tức	信息
tinh	精
tinh minh	精明
tinh thần	精神
tinhminh	精明
tinhthần	精神
tintức	信息
tiên	仙	先
tiêu	椒
tiếc	惜
tiếng	㗂
tiếng anh	㗂英
tiếng mỹ	㗂美
tiếng nhật	㗂日
tiếng nói	㗂吶	㗂呐
tiếng pháp	㗂法
tiếng trung quốc	㗂中國
tiếng việt	㗂越
tiếng ý	㗂意
tiếng đức	㗂德
tiếnganh	㗂英
tiếngmỹ	㗂美
tiếngnhật	㗂日
tiếngnói	㗂吶	㗂呐
tiếngpháp	㗂法
tiếngtrungquốc	㗂中國
tiếngviệt	㗂越
tiếngý	㗂意
tiếngđức	㗂德
tiếp	接
tiếp giáp	接夾
tiếp tục	接俗
tiếpgiáp	接夾
tiếptục	接俗
tiết	節
tiết mục	節目
tiếtmục	節目
tiền	前	錢
tiền bạc	錢鉑
tiền giấy	錢紙
tiền mặt	錢𩈘
tiền nhân	前人
tiền sử	前史
tiền đề	前提
tiền định	前定
tiền đồ	前途
tiềnbạc	錢鉑
tiềngiấy	錢紙
tiềnmặt	錢𩈘
tiềnnhân	前人
tiềnsử	前史
tiềnđề	前提
tiềnđịnh	前定
tiềnđồ	前途
tiểu	小
tiểu bang	小邦
tiểu học	小学	小學
tiểu sử	小史
tiểubang	小邦
tiểuhọc	小学	小學
tiểusử	小史
tiệm	店
tiệm ăn	店咹	店𩛖
tiệmăn	店咹	店𩛖
to	𡚢
to lớn	𡚢𡘯
tolớn	𡚢𡘯
toàn	全
toán	算
tra	查
tra cứu	查究
tracứu	查究
trai	𤳆
trang	妝
trang điểm	妝點
trangđiểm	妝點
triều	朝
triển	展
triệu	兆
trong	𥪝	𤄯
trong khi	𥪝欺
trong sáng	𤄯𤎜
trongkhi	𥪝欺
trongsáng	𤄯𤎜
trung	中
trung kỳ	中圻
trung quốc	中國
trung tâm	中心
trung tâm nghiên cứu	中心研究
trungkỳ	中圻
trungquốc	中國
trungtâm	中心
trungtâmnghiêncứu	中心研究
truyền	傳
truyền hình	傳形
truyền thanh	傳聲
truyềnhình	傳形
truyềnthanh	傳聲
truyện	傳
trà	茶
trà xanh	茶撑	茶𩇢
tràxanh	茶撑	茶𩇢
trái	賴	𣛤
trái đất	𣛤坦
tráiđất	𣛤坦
trên	𨕭
trình	呈	程
trình độ	程度
trìnhđộ	程度
trí	置
trăm	𤾓
trăng	𦝄
trương	張
trước	𠓀
trước khi	𠓀欺
trước mặt	𠓀𩈘
trước sau	𠓀𡢐
trước đây	𠓀低
trướckhi	𠓀欺
trướcmặt	𠓀𩈘
trướcsau	𠓀𡢐
trướcđây	𠓀低
trường	場	長
trường bay	場𠖤
trường học	場学	場學
trường hợp	場合
trường tiểu học	場小学	場小學
trường đại học	場大学	場大學
trườngbay	場𠖤
trườnghọc	場学	場學
trườnghợp	場合
trườngtiểuhọc	場小学	場小學
trườngđạihọc	場大学	場大學
trưởng	長
trưởng khoa	長科
trưởng thành	長成
trưởngkhoa	長科
trưởngthành	長成
trả	呂
trả lời	呂𠳒
trả ơn	呂恩
trảlời	呂𠳒
trảơn	呂恩
trần	陳
trận	陣
trắng	𤽸
trẻ	𥘷
trẻ con	𥘷𡥵
trẻ em	𥘷㛪
trẻ tuổi	𥘷歲
trẻcon	𥘷𡥵
trẻem	𥘷㛪
trẻtuổi	𥘷歲
trị	治	値
trị bệnh	治病
trịbệnh	治病
trọng	重
trọng yếu	重要
trọngyếu	重要
trời	𡗶
trời mưa	𡗶𩅹
trờimưa	𡗶𩅹
trở	𧿨
trở lại	𧿨吏
trở nên	𧿨𢧚
trở về	𧿨𧗱
trởlại	𧿨吏
trởnên	𧿨𢧚
trởvề	𧿨𧗱
trợ	助
trợ lý	助理
trợ thủ	助手
trợ động từ	助動詞
trợlý	助理
trợthủ	助手
trợđộngtừ	助動詞
tui	碎	倅
tuy	雖
tuy nhiên	雖然
tuynhiên	雖然
tuổi	歲
tuổi trẻ	歲𥘷
tuổitrẻ	歲𥘷
ty	司
tài	才	財	材
tài chính	財政
tài liệu	材料
tài năng	才能
tàichính	財政
tàiliệu	材料
tàinăng	才能
tàu	艚
tàu chiến	艚戰
tàuchiến	艚戰
tác	作
tác gia	作家
tácgia	作家
tám	𠔭
tâm	心
tâm thần	心神
tâmthần	心神
tây	西
tên	𠸜	𥏌
tên gọi	𠸜噲
tên họ	𠸜户	𠸜戶
tên lửa	𥏌焒
tên tục	𠸜俗
têngọi	𠸜噲
tênhọ	𠸜户	𠸜戶
tênlửa	𥏌焒
têntục	𠸜俗
tìm	尋
tìm hiểu	尋曉
tìmhiểu	尋曉
tình	情
tình cảm	情感
tình yêu	情𢞅
tình ân	情恩
tìnhcảm	情感
tìnhyêu	情𢞅
tìnhân	情恩
tính	併
tính toán	併算
tínhtoán	併算
tôi	碎	倅
tôi tớ	碎伵	倅伵
tôitớ	碎伵	倅伵
tư	四
tướng	將
tại	在
tại sao	在牢
tại vì	在為	在爲
tạisao	在牢
tạivì	在為	在爲
tạm	暫
tạm biệt	暫别
tạm thời	暫時
tạmbiệt	暫别
tạmthời	暫時
tạo	造
tạo hoá	造化
tạo ra	造𦋦
tạohoá	造化
tạora	造𦋦
tất	毕	畢	必
tất cả	毕哿	畢哿
tất nhiên	必然
tất yếu	必要
tấtcả	毕哿	畢哿
tấtnhiên	必然
tấtyếu	必要
tế	济	濟	际	際
tết	節
tết nguyên đán	節元旦
tết trung thu	節中秋
tếtnguyênđán	節元旦
tếttrungthu	節中秋
tỉnh	省
tối	最
tối cao	最高
tối hậu	最後
tối hậu thư	最後書
tối nghĩa	最義
tối ngày	最𣈜
tối thiểu	最少
tối đa	最多
tốicao	最高
tốihậu	最後
tốihậuthư	最後書
tốinghĩa	最義
tốingày	最𣈜
tốithiểu	最少
tốiđa	最多
tổ	組	祖
tổ chức	組織
tổ hợp	組合
tổ quốc	祖國
tổ tiên	祖先
tổchức	組織
tổhợp	組合
tổng	總
tổng cộng	總共
tổng kết	總結
tổng lãnh sự	總領事
tổngcộng	總共
tổngkết	總結
tổnglãnhsự	總領事
tổquốc	祖國
tổtiên	祖先
tớ	伵
tới	細
tục	俗
tục ngữ	俗語
tụcngữ	俗語
tức	息
từ	詞	自
từ điển	詞典
từđiển	詞典
tử	子
tự	自	字
tự do	自由
tự mình	自𠵴
tự nhiên	自然
tự trị	自治
tự điển	字典
tự động	自動
tựdo	自由
tựmình	自𠵴
tựnhiên	自然
tựtrị	自治
tựđiển	字典
tựđộng	自動
uống	㕵
viên	員
viết	曰
việc	役
việc làm	役爫
việclàm	役爫
viện	院
viện nghiên cứu	院研究
việnnghiêncứu	院研究
việt	越
việt nam	越南
việtnam	越南
vua	𤤰
vui	𢝙
vui lòng	𢝙𢚸
vuilòng	𢝙𢚸
và	吧
vàng	鐄
vàng tây	鐄西
vàngtây	鐄西
vào	𠓨
vâng	𠳐
vì	為	爲
vì sao	為牢	爲牢
vìsao	為牢	爲牢
vói	𢭲
vói tay	𢭲𢬣
vói tới	𢭲細
vóitay	𢭲𢬣
vóitới	𢭲細
vô	無
vô nghĩa	無義
vônghĩa	無義
văn	文
văn hoá	文化
vănhoá	文化
vương	王
vương quốc anh	王國英
vươngquốcanh	王國英
vạn	万	萬
vạn năng	万能	萬能
vạn vật	万物	萬物
vạnnăng	万能	萬能
vạnvật	万物	萬物
vấn	問
vấn đề	問題
vấnđề	問題
vẫn	吻
vật	物
vật liệu	物料
vật lý	物理
vật lý học	物理学	物理學
vật phẩm	物品
vật thể	物体	物體
vậtliệu	物料
vậtlý	物理
vậtlýhọc	物理学	物理學
vậtphẩm	物品
vậtthể	物体	物體
vậy	丕
vậy mà	丕麻	丕𦓡
vậymà	丕麻	丕𦓡
về	𧗱
về nhà	𧗱茹
vềnhà	𧗱茹
vệ	衛
vị	味	位
vị trí	位置
vịtrí	位置
với	貝	唄
với ai	貝埃	唄埃
với lại	貝吏	唄吏
vớiai	貝埃	唄埃
vớilại	貝吏	唄吏
vợ	𡞕
vụ	務
vừa	𣃣
vực	域
xa	賖
xanh	撑	𩇢
xanh xanh	撑ヌ	𩇢ヌ
xanhxanh	撑ヌ	𩇢ヌ
xe	車
xem	䀡
xin	吀
xin chào	吀嘲
xin lỗi	吀纇
xinchào	吀嘲
xinlỗi	吀纇
xuất	出
xuất bản	出版
xuất hiện	出現
xuất khẩu	出口
xuấtbản	出版
xuấthiện	出現
xuấtkhẩu	出口
xuống	𨑜
xá	舍
xây	𡏦
xây dựng	𡏦𥩯
xâydựng	𡏦𥩯
xã	社
xã hội	社会	社會
xã hội chủ nghĩa	社会主義	社會主義
xã luận	社論
xãhội	社会	社會
xãhộichủnghĩa	社会主義	社會主義
xãluận	社論
xưa	𠸗
xảy	仕
xảy ra	仕𦋦
xảyra	仕𦋦
yêu	𢞅	要
yêu cầu	要求
yêucầu	要求
yếu	要
yếu nhân	要人
yếu điểm	要點
yếunhân	要人
yếuđiểm	要點
á	亜	亞
á châu	亜洲	亞洲
á đông	亜東	亞東
áchâu	亜洲	亞洲
án	案
áo	襖	奥
áo dài	襖𨱽
áo đi mưa	襖𠫾𩅹
áodài	襖𨱽
áođimưa	襖𠫾𩅹
áp	壓
áp lực	壓力
áp lực không khí	壓力空氣
áplực	壓力
áplựckhôngkhí	壓力空氣
áđông	亜東	亞東
âm	音	阴	陰
âm hưởng	音響
âm lịch	阴厤	陰曆
âm nhạc	音樂
âm nhạc cổ điển	音樂古典
âm thanh	音聲
âm tết	音節
âmhưởng	音響
âmlịch	阴厤	陰曆
âmnhạc	音樂
âmnhạccổđiển	音樂古典
âmthanh	音聲
âmtết	音節
ân	恩
ân cần	殷勤
ân nhân	恩人
ân tình	恩情
âncần	殷勤
ânnhân	恩人
ântình	恩情
âu	歐
âu châu	歐洲
âu là	歐羅
âuchâu	歐洲
âulà	歐羅
ít	𠃣
ít có	𠃣固
ít khi	𠃣欺
ít lời	𠃣𠳒
ít nhiều	𠃣𡗉
ít nhất	𠃣一
ít tuổi	𠃣歲
ítcó	𠃣固
ítkhi	𠃣欺
ítlời	𠃣𠳒
ítnhiều	𠃣𡗉
ítnhất	𠃣一
íttuổi	𠃣歲
ông	翁
ông bà	翁妑	翁婆
ông già	翁𦓅
ôngbà	翁妑	翁婆
ônggià	翁𦓅
ý	意
ý chí	意志
ý kiến	意見
ý nghĩa	意義
ýchí	意志
ýkiến	意見
ýnghĩa	意義
ăn	咹	𩛖
ăn cơm	咹粓	𩛖粓
ăn thử	咹試	𩛖試
ăncơm	咹粓	𩛖粓
ănthử	咹試	𩛖試
đa	多
đa phần	多分
đa trị	多値
đa âm tiết	多音節
đang	當
đaphần	多分
đatrị	多値
đaâmtiết	多音節
đem	𨑻
đi	𠫾
đi bộ	𠫾步
đi chân	𠫾蹎
đi chơi	𠫾𨔈
đi làm	𠫾爫
đi làm việc	𠫾爫役
đi qua	𠫾戈
đi ra	𠫾𦋦
đi theo	𠫾遶
đi vào	𠫾𠓨
đi về	𠫾𧗱
đi đi lại lại	𠫾ヌ吏ヌ
đibộ	𠫾步
đichân	𠫾蹎
đichơi	𠫾𨔈
đilàm	𠫾爫
đilàmviệc	𠫾爫役
điqua	𠫾戈
đira	𠫾𦋦
đitheo	𠫾遶
đivào	𠫾𠓨
đivề	𠫾𧗱
điđilạilại	𠫾ヌ吏ヌ
điều	条	條
điều kiện	条件	條件
điều tra	調查
điềukiện	条件	條件
điềutra	調查
điểm	點
điển	典
điện	電
điện tử	電子
điệntử	電子
đàn	彈
đàn bà	彈妑	彈婆
đàn ông	彈翁
đànbà	彈妑	彈婆
đànông	彈翁
đá	跢	𥒥
đá hoa	𥒥花
đá lửa	𥒥焒
đáhoa	𥒥花
đálửa	𥒥焒
đán	旦
đánh	打
đánh giá	打价	打價
đánh máy	打𣛠
đánh nhau	打膮
đánh thức	打式
đánh động	打動
đánhgiá	打价	打價
đánhmáy	打𣛠
đánhnhau	打膮
đánhthức	打式
đánhđộng	打動
đâu	兜
đâu có	兜固
đâu đây	兜低
đâucó	兜固
đâuđây	兜低
đây	低
đã	㐌
đèn	畑
đèn điện	畑電
đènđiện	畑電
đình	庭
đó	妬
đông	東
đông dương	東洋
đông dược	東藥
đôngdương	東洋
đôngdược	東藥
đưa	迻
đường	塘	糖	堂
đường phèn	糖𥽢
đường phố	塘鋪
đường đi	塘𠫾
đườngphèn	糖𥽢
đườngphố	塘鋪
đườngđi	塘𠫾
được	得
đại	大	代
đại bản doanh	大本营	大本營
đại công nghiệp	大工業
đại doanh	大营	大營
đại học	大学	大學
đại sứ	大使
đạibảndoanh	大本营	大本營
đạicôngnghiệp	大工業
đạidoanh	大营	大營
đạihọc	大学	大學
đạisứ	大使
đạo	道
đạo phật	道佛
đạophật	道佛
đảng	党	黨
đảng sử	党史	黨史
đảng trưởng	党長	黨長
đảng trị	党治	黨治
đảngsử	党史	黨史
đảngtrưởng	党長	黨長
đảngtrị	党治	黨治
đảo	島
đất	坦
đất khách	坦客
đấtkhách	坦客
đấu	鬥	斗
đấu giá	鬥价	鬥價
đấu đá	鬥跢
đấugiá	鬥价	鬥價
đấuđá	鬥跢
đầu	頭	投
đầu cơ	投机	投機
đầu tháng	頭𣎃
đầu tiên	頭先
đầucơ	投机	投機
đầutháng	頭𣎃
đầutiên	頭先
đặc điểm	特點
đặcđiểm	特點
đẹp	𢢲
đẹp lòng	𢢲𢚸
đẹp trai	𢢲𤳆
đẹp ý	𢢲意
đẹplòng	𢢲𢚸
đẹptrai	𢢲𤳆
đẹpý	𢢲意
đến	𦤾
đến nơi	𦤾坭
đếnnơi	𦤾坭
đề	題	提
đề cao	提高
đề cập	提及
đề phòng	提防
đề tài	題材
đề xuất	題出
đềcao	提高
đềcập	提及
đềphòng	提防
đềtài	題材
đều	調
đều cũng	調拱
đều nhau	調膮
đềucũng	調拱
đềunhau	調膮
đềxuất	題出
để	底
để cho	底朱
đểcho	底朱
đệ	第
đệ nhì	第二
đệ nhất	第一
đệnhì	第二
đệnhất	第一
địa	地
địa phương	地方
địa vực	地域
địa điểm	地點
địaphương	地方
địavực	地域
địađiểm	地點
định	定
định liệu	定料
định nghĩa	定義
địnhliệu	定料
địnhnghĩa	定義
đọc	讀
đọc sách	讀冊	讀册
đọcsách	讀冊	讀册
đỏ	𧹼
đối	对	對
đồ	圖	途
đồ chơi	圖𨔈
đồ vật	圖物
đồchơi	圖𨔈
đồng	同	銅	垌
đồng bạc	銅鉑
đồng bằng	垌平
đồng nghĩa	同義
đồng âm	同音
đồng ý	同意
đồngbạc	銅鉑
đồngbằng	垌平
đồngnghĩa	同義
đồngâm	同音
đồngý	同意
đồvật	圖物
đổi	𢬭	𢷮
đổi mới	𢬭㵋	𢷮㵋
đổimới	𢬭㵋	𢷮㵋
độ	度
độc	獨
độc lập	獨立
độc thân	獨身
độclập	獨立
độcthân	獨身
đội	隊
đội hình	隊形
đội quân	隊軍
đội trưởng	隊長
độihình	隊形
độiquân	隊軍
độitrưởng	隊長
động	動
động từ	動詞
động vật	動物
động vật học	動物学	動物學
động đất	動坦
độngtừ	動詞
độngvật	動物
độngvậthọc	動物学	動物學
độngđất	動坦
đời	𠁀
đời sống	𠁀𤯩
đờisống	𠁀𤯩
đỡ	拖
đỡ lời	拖𠳒
đỡ đầu	拖頭
đỡlời	拖𠳒
đỡđầu	拖頭
đức	德
đức hạnh	德行
đức tin	德信
đứchạnh	德行
đứctin	德信
ơn	恩
ảnh	影
ảnh hưởng	影響
ảnh lửa	影焒
ảnhhưởng	影響
ảnhlửa	影焒
ấm	萻
ấn kiếm	印劍
ấn độ	印度
ấn độ dương	印度洋
ấn độ giáo	印度教
ấnkiếm	印劍
ấnđộ	印度
ấnđộdương	印度洋
ấnđộgiáo	印度教
ấy	𧘇
ở	於
ở lại	於吏
ở đâu	於兜
ở đó	於妬
ởlại	於吏
ởđâu	於兜
ởđó	於妬
