(gán)	檊
(phố)	怖
Lục	錄	錄
Nghạch	頟
Nghệch	頟
Sột	箻
a	丫	亞	啊	婀	妸	桠	椏	疴	錒	锕	阿	鵶	鴉	鸦
ai	哀	唉	埃	挨	鎄	锿
am	庵	盦	菴	諳	谙	鵪	鹌
an	安	桉	氨	胺	銨	铵	鞍	鞌	鮟	𩽾
ang	垵	坱	盎
anh	嚶	嬰	婴	櫻	樱	纓	缨	罌	罂	英	鸚	鹦	鶯	鶧	莺
ao	𪵲	凹	呦	坳	㘭	泑	鏖
au	區	泑
ba	𠀧	吧	巴	波	爬	疤	笆	葩	芭	菠	蚆	豝	鈀	钯	爸
bai	𠾦	𠸟	𢴾	排
ban	半	搬	扳	班	斑	瘢	癍	胖	般	頒	颁
bang	乓	幫	帮	挷	幚	梆	謗	邦
banh	兵	捠	抨	浜	烹	綳	绷
bao	刨	包	勹	褒	襃	龅
bay	𫅫	𫅰	𠖤	悲	排	拜	蜚	𨭍	𩙻	飛
be	𫇟	𠾦	𠻻	𣛥	𤮑	𨼚	陂
ben	𤶒	邊
beng	鋲
beo	𧴋	𧲼	豹
bi	啤	悲	碑	醊
bia	碑	𨡕	醊
binh	乒	兵	梹
bioóc	𫇥
biêm	砭
biên	編	编	蹁	邊	边
biêng	梹
biìm	砭
biếc	碧
biếm	窆	貶	贬
biến	变	徧	藊	萹	變	遍
biếng	丙	怲
biết	𪿍	別	癟	瘪	虌	蹩	鳖	鱉
biếu	俵	𠾷	𤷶	裱	𧶫
biền	𫑆	便	弁	昪	胼	諞	谝	騙	駢	骈
biều	瓢	䕯
biển	匾	扁	𤅶	㴜	𣷷	汴	𣷭	煸	蝙	褊	騙	骗	鯿
biểu	俵	𠶓	婊	裱	表	錶	鰾	鳔
biện	办	卞	忭	抃	拚	𥶁	緶	瓣	辮	辨	辦	辯
biệt	別	别	𨡊
bo	剖	圃	甫	脯	逋
bon	奔	𨁼
bong	𢶻	𤂧	篷	蓬
boong	葻
bu	哺	𡜵	蚼
bua	𢃊	𢂜	𤤰
bui	𠸟	𣾾	𣻃
bung	𢶻	葻	𨮇
buá	布	斧	鈽
buôn	奔	𧶭
buông	𢶻	捹	葻
buạ	倍	𡝃	步
buả	捕	䋠	𥿠
buốc	𫁰
buốt	扑	𤏫	𤺭	𤶽
buồi	𦢄	裴
buồm	帆
buồn	𢞂	忿	盆
buồng	帆	𢩣	房	蓬	逢
buổi	𣉳	𣇙	貝
buộc	𫃚	𢷏	𢯜	撲	扑	纀	𦄾	𥾾
buột	𫄂	𨁝	𨅗
bà	婆	妑	掱	杷	爬	琶	粑	耙	靶
bà,bò	爬
bài	俳	排	擺	擘	摆	掰	𣞻	牌	襬
bàm	𠻅	砭
bàn	𡂑	𠴞	搬	槃	柈	盤	盘	磐	肨	胖	般	蟠
bàng	傍	龎	嗙	龐	庞	彷	徬	㥬	旁	榜	滂	磅	膀	胮	蒡	螃	逄	鎊	雱	鰟	鳑
bành	彭	澎	膨	蟚	蟛
bào	刨	匏	咆	庖	泡	炮	狍	疱	皰	胞	苞	袍	鑤	鉋	鰾	鳔	鮑	鲍	麅
bàu	咆	垉	泡
bày	𫕾	排
bá	伯	叭	咟	壩	坝	播	把	栢	欛	柏	檗	百	耙	覇	霸	䶕
bác	伯	剥	北	博	搏	炮	礮	砲	膊	鎛	镈	駮	驳
bách	佰	廹	柏	栢	百	舶	迫
bái	唄	拜	扒	旆	沛	狽	稗	霈
bám	𢵉	𢶸	抸	禀	稟
bán	半
báng	搒	榜	𤹔	謗	谤
bánh	掽	𤖶	碰	𥹘	𨋣	𩛄	餅
báo	𪽕	𠸒	報	报	豹
bát	八	丷	叭	撥	扒	捌	拨	潑	泼	笨	缽	般	茇	鉢	釟	钵
báu	宝	寶
bâm	貶
bân	𫗌	彬	斌
bâng	冰	𢲔	挷
bâu	咆	𢄝	𢄇	蚫	蚼	裒	袍
bây	悲	拜	碑
bã	把	𥺖	粑
bãi	𪤄	𡓁	𣺽	罷	罢
bão	抱	暴	緥	菢	褓	跑	雹	𩙕	飽	饱
bè	佊	𤿤	𥯤	舥
bèm	𠹰
bèn	卞
bèo	瓢	䕯
bé	𡮩	𡮤	𡮌	閉
bén	𤓩	𤊰	𤇮	變	鍽
béng	𧦿
béo	脿	胖
bép	𠰏	𤇮
bét	別	𥇂	𦛺	𩻪	鱉
bê	𪺵	𠾦	𠶎	𤚆	陂
bên	扁	邊	边
bênh	兵
bêu	摽	撩	標
bì	埤	疲	皮
bìa	牌	皮
bìm	砭	䒦	𪀐
bình	坪	塀	屏	平	泙	瓶	缾	萍	評	评	鮃	鲆
bìu	瓢	褓
bí	轡	𠸠	辔	否	毖	痞	祕	秘	𦷬	苾	賁	贲	鉍	铋	閟
bích	壁	廹	璧	甓	碧	辟	迫
bính	丙	摒	柄	炳	碰	迸	餅	饼
bít	別	扒	捌
bíu	㧼	裱
bò	匍	圃	爬	𤙭	𤞨	䊇	蜅	𨆶	𨁏	鯆
bòi	培	䏽
bòm	澟
bòn	𢱔	盆
bòng	𢸚	摓	𣠑	蓬
bó	咘	抪	𣔩	𥿠	補
bóc	剥	卜
bói	𫎑	𧴤	貝
bón	𫃘	𤵳	𦊚
bóng	𫕰	俸	𡞗	𣈖	𤊡	䏾	𩃳
bóp	𢯒
bô	佈	哺	布	晡	甫	逋	醭	餔
bôc	𦄾
bôi	𠸟	杯	桮	盃
bôm	𠻅	𠰏
bôn	奔	犇	賁	贲	逩	錛	锛
bông	𣜳	葻	芃
bõ	捕	補	部
bõm	呠	澟
bõng	𣶈	淎
bù	蒲	補	賠
bùa	符	苻
bùi	裴
bùn	𡎛	湓	渀
bùng	𤑫	蓬	𩄏	颯
bú	𪜛	咘	哺	啂
búa	斧	鈽
búi	𦁀	𧸻	貝
bún	𥻸
búng	𢺒	棒
búp	芣
bút	筆	笔	芣
băm	𨮍
băn	彬	氷	班
băng	𫑌	冰	冫	崩	氷	硼	繃	绷	蹦	鏰
bĩ	否	圮	痞
bĩnh	胼
bĩu	𠼼	哹	𠶓
bơ	𪩬	𠀧	吧	巴
bơi	𢴾
bơm	泵	砭
bơn	般	𩺪
bưng	冰	搬	𢲔	挷	𢫕
bưu	彪	郵	邮
bươi	𢴾
bươn	𪱟
bương	梆	邦
bươu	蚫	豹	郵
bước	北	𨀈
bướm	𠰏	𧒅	蝶	𧊉
bướng	半	謗
bướp	𩶟
bướu	𤹼	𤷶	疣	肬
bường	平	旁
bưởi	𣘓	𣞻
bạ	播	把	簿
bạ/bộ	簿
bạc	博	泊	泺	白	礴	薄	鉑	鞄	魄
bạch	帛	白	𨒹	迫	鉑	铂
bại	敗	败
bạn	伴	叛	𠴞	拌	柈	畔	絆	绊
bạng	蜯	蚌
bạnh	𪽲	病
bạo	暴	爆
bạt	拔	拨	紱	茇	跋	䥽	鮁	鼥
bạu	偣	倍	㖣
bả	把	欛	粑	𥸿	跁	跛	爸	靶	𩨜
bải	𨇑
bản	坂	岅	𢪱	扳	本	板	版	舨	鈑	钣	阪
bảng	搒	榜	牓	版	鎊	镑
bảnh	𫅚	炤	炳	秉
bảo	保	𠸒	𠶓	堡	宝	寶	寳	泡	葆	褓	鴇
bảu	𠸒
bảy	罷	罢
bấc	𫕡	北	苝
bấm	𡀫	𡀀	𢶸	禀	禁	稟
bấn	𪨄	絆
bấp	乏
bất	不	抔
bấu	𪜢	𠸒	㨐	搆
bấy	卑	碑	罢	閉
bầm	𦡣
bần	𢠈	貧	贫
bầng	旁	泙	𤇊	蓬
bầu	保	匏	咆	垉	泡	瓢	䕯	裒	輳
bầy	𠍣	俳	悲	排	皮
bẩm	𡀫	禀	稟
bẩn	𪷪	𣵲	泮
bẩy	摆
bẫm	𦚖
bẫu	瓿	𧧀
bẫy	𪳴	𠙣	擺	𣘓	𣞻
bậc	𫂨	偪	北	堛	弼	𨄑	𨀈	𨸾
bậm	壈	𡒄
bận	半	彬	泮	𦁂	絆	𥾽	遍
bập	𠰏	潗
bật	弼
bậu	倍	𧔙
bậy	𪦚	丕	呸	敗
bắc	北	𢫣
bắn	𪧻	𪪻	𡭉	𢏑	拌	扳	鉡
bắng	繃	綳	绷
bắp	𣔟	𥟼
bắt	𫐴	𫐾	八	扒	捌	抔
bằn	弼	怦
bằng	馮	冯	凴	凭	平	憑	朋	棚	甭	評	錋	鵬	鹏
bẳm	砭	禀	稟
bẳn	怑	𢠈	㤓	扳	𢪱
bẵm	𤢤
bẵng	凭	朋	滂
bặc	匐	卜	𦹣	𨄑	踣
bặm	𤢤	禀	稟
bặt	匐	弼	拔	拨
bẹ	備	𠹯	梐	瓣
bẹn	𫆘	胼	辨
bẹo	㩧	暴	表
bẹp	𠻅	𠰏	抸	𧊉
bẹt	𪺤	別
bẻ	𠶎	𢯏	把
bẻm	𠹰	𠷨
bẻo	𠶓	表
bẽ	𠳝	啚	𢜢	蜱	鄙
bẽn	𪭀	惼	扁
bẽo	殍
bế	嬖	閉	闭
bến	变	𡔖	𡍣	𤅶	𣷷	變
bếp	灶	点	𤇮
bết	別	𡌀
bề	佊	皮	鼙
bền	𥑃	𥾽	駢
bềnh	泙	萍
bều	𤃛
bể	彼	𣷭	波	𥓳
bễ	𫖽	桮	𣔓	睥	髀
bệ	狴	薜	被	陛
bệch	壁	璧	胉
bện	抃	𥾽	絆	辮
bệnh	病
bệt	別
bệu	𦟵
bỉ	彼	秕	粃	鄙
bỉnh	秉
bị	𪝌	備	俻	备	惫	憊	被	鞴	鞁
bịa	𡀠	碑
bịch	壁	擗	𢸵	璧	甓
bịn	瓢	𥾽
bịnh	病
bịp	𠰏	䒦	𪀐
bịt	別	𠣶	𢃉	捌	𨧢
bịu	褓
bọ	𧌂	蜅
bọc	𫃚	仆	僕	纀	𦄾	𥼜	襆
bọn	𪨠	伴	呠	𦏓
bọng	棒	𣻈	淎	䏾
bọp	𢯒
bọt	浡	渤
bỏ	𠬕	𠬃	悑	補	补
bỏi	𪔡
bỏm	呠	𡀀	𡀫
bỏng	𣻈	𤊡	疱
bố	佈	布	怖	悑	捕	𢂞	甫
bốc	⺊	卜	𡃒	扑	蔔	襆	蹼
bối	𦁀	背	蓓	貝	贝	輩	辈	钡	鋇
bốn	奔	本	𦊚
bống	俸	𩺨	𩸮
bốp	𠶙	抸	𢯒
bồ	匍	𥎉	䈬	耙	蒲	菩	葡	補	𪇨
bồi	培	徘	抔	掊	焙	背	褙	賠	赔	錇	锫	陪
bồn	盆	葐
bồng	𢸚	摓	捧	𣠑	𤂧	篷	蓬	芃
bổ	捕	補	补	𧻷
bổi	培	𢊫	背
bổn	夯	本	畚	笨
bổng	俸	捧	棒
bỗng	俸
bộ	步	簿	部	鈈	钚
bộc	仆	僕	曝	暴	𣅃	瀑	濮	𣾴	纀	釙	钋
bội	倍	佩	悖	焙	珮	背	蓓
bộn	坌	𡖱	本	𦁂
bộng	棒
bộp	𠶙
bột	侼	勃	孛	桲	浡	渤	𥹸	脖	餑	饽	鵓	鹁
bớ	𪡈	𡃓	叭	咟
bới	𪽝	𢱎	捭
bớn	半
bớp	抸	𩶟
bớt	叭	扒	抔	𣼪
bờ	坡	披
bời	𫄐	𢱎	排	牌	罷	罢
bờm	𣭛	砭
bở	𠴙	啚	彼
bởi	𪽝	罷	罢
bỡ	把	被
bỡn	㤓	怑	版	胖
bợ	備	播	簿	被
bợm	𪥻	𠍥	𠇖	姂
bợn	𣵲	泮	湲
bợp	𩬪
bợt	叭	𦫘
bụ	哺
bụa	倍	𡝃	步
bục	㯷
bụi	𡏧	垻	培	𣻃	𣾾	蓓
bụm	𢶸	禀	稟
bụng	䏾
bụt	𪣽	侼	孛	桲
bủa	捕	𥿠	補
bủm	𣱭
bủn	𡭦	㤓	本
bủng	𤷰	䏾
bứa	栢
bức	偪	堛	幅	愊	煏	皕	蝠	輻	辐	逼
bứng	挷
bứt	抔
bừa	耚	耙
bừng	𪰓	𪹚	怦	旁	泙	𤇊	蓬	評
bửa	把	𨧆	𩛷
bửng	板	榜
bửu	保	宝	寶
bữa	把	𣇊	栢	𩛷
bự	被
bựa	𡃓	𠳝
bực	偪	堛	域	愊	踾	逼
ca	哥	嘎	喀	尜	尕	旮	歌	袈	軋	轧	迦	釓	钆
cai	垓	荄	該	该	賅	赅	陔	頦	颏
cam	坩	柑	泔	甘	疳
can	乾	干	杆	竿	肝
cang	亢	剛	罡	釭	鋼
canh	埂	庚	更	畊	粳	經	羮	耕	鶊
cao	槔	橰	熇	皋	篙	糕	羔	翱	膏	臯	睾	餻	高	髙
cau	𫑯	槁	槔	榚	橰	皋
cay	𫐝	𡀲	咳	𠹽	荄	𨐮	𨢟
cha	乍	吒	咋	𤕔	詐
chai	𥑂	齊
cham	斟
chan	振	滇	真
chang	𣆮	𤑈	真	粧
chanh	争	張	𣔥	棦	柾	橙	爭
chao	挍	洲	焯
chau	咮	朱	洙	珠	𤶎	𥅲	罩	邾	邹
chay	斎	斋	𣙮	齋	齐
che	𫑃	枝	𨑤	𩂏
chem	占	沾	蛄
chen	擅	扦	𢫔	氈	毡	羶	𧿐	𨆁	邅
cheo	𠰉	撩	招	㹦
chi	之	卮	吱	嗞	巵	支	枝	栀	梔	搘	肢	脂	胝	芝	𩿨
chia	技	𢺹	𢺺	支
chim	𫚳	𪀄
chinh	征	怔	鉦	钲
chiu	𠶅	招	昭
chiêm	佔	占	呫	拈	瞻	碪	砧	秥	粘	苫	襜	詹	霑	韂
chiên	氈	氊	毡	煎	羶	𦍫	邅	顫	颤
chiêng	鉦
chiêu	𢢅	招	昭	釗	钊
chiì	持
chiếc	隻
chiếm	佔	占	苫
chiến	戰	战
chiếng	𠰪	政
chiếp	𠽃
chiết	摺	折	析	浙	淛	蜇	䱑
chiếu	照	炤	𤇧	𥴜	詔	诏
chiền	廛	蹍
chiềng	𠴔	呈
chiều	𪤾	𢢅	𣋂	朝
chiểu	沼
chiệp	褶
chiờn	𪵚
cho	朱	渚
choa	朱
choai	𡮓	繸	追	騅
choang	張	淳	𤈛	𨭏
choe	啜	𣾵
choi	制	椎
chon	墩	嶟	㨯	村	終
chong	𢴋	𢫝	𤍑	𤇩	炵
choài	淮
choàng	幢
choác	𠺷	㗱	𣘌
choái	厔	𨁘
choán	準	篡
choáng	幛	𢲜	𤶜	𤶏	胱	𨡈
choãi	𨁘
choè	𦴶	𪄦
choèn	專
choé	啜
choét	拙	𣾵
choạc	𠺷	𨄃
choại	繸	𨁘
choạng	𨆒	𨡧
choải	𨁘
choảng	𢶥
choắt	捉	拙
choẹ	鋖
choẹt	𣾵
chu	周	州	朱	硃	舟	蛛	週	邾	邹
chua	咮	洙	洛	注	註	䣷
chui	堆	推	𥩉
chum	𡑓	坫	炶
chun	墫
chung	盅	終	终	螽	鐘	鍾	钟	鈡
chuy	淄	萑	鎚	隹	騅
chuyên	专	剸	專	耑	甎	磚	砖	𦉊	膞	䏝	轉	顓	颛
chuyến	傳	專	戰	轉
chuyếnh	𨠣
chuyết	啜	拙	敪	棁	輟	辍
chuyền	傳	轉
chuyển	囀	轉	转
chuyện	傳
chuá	主
chuôi	摧	槯	𣙯	洡
chuôm	𣛧	潹
chuông	鐘	鍾
chuý	惴
chuất	絀	绌	茁
chuẩn	准	榫	𣛜	準	隼
chuật	怵
chuế	綴	缀	贅
chuếnh	𨠣
chuốc	祝	織	酌
chuối	桎	𣑳	棳	樶	槯	胵	腏	荎	𩸯
chuốt	捽	淬	率
chuồn	窜	𧋃	𨒸
chuồng	𡈩	栫	框
chuỗi	𠁻	綴	𦀵
chuộc	屬	贖
chuộng	𫖦	尚	尙	𡮶	𢝆	重
chuột	𤝞
chuụp	執
chuỳ	搥	捶	槌	椎	鎚	錐	錘	锤	锥
chuỷ	匙	匕	嘴	徵	觜
chà	搽	𣗪	𨃓
chài	𦄴	𥾒
chàm	𪷞	占	𣠩	𣞎	藍
chàng	幢	撞	払	𧑆	𧛇
chành	梗
chào	嘲	朝
chày	持	𣖖	杵	𣙮	遲	迟	𩹭
chá	吒	咋	炙	痄	鍺
chác	卓	喙	啄	棹	琢	角
chách	咋	㗱
chái	厔	𢈖	斎
chán	𡃹	𠺲	𢥇	振
cháng	幛	𣈚
chánh	正	𦭒
cháo	粥	𥹙	粩	𥺊
chát	𠹗	質	貭
cháu	孫	𡥙
cháy	𪸔	𤈜	𩺧	𩶪
châm	𠛌	斟	椹	砧	箴	鍼	䥠	針	针
chân	搷	甄	真	眞	蹎
châu	㑳	周	州	朱	株	洲	珠	硃	舡	舩	舟	蛛	週	鵃
chây	齋
chã	𣼫	渚	𤀞	諸
chão	𦄹	𥿣	紹	𧊌
chè	𫉕	茶
chèn	𢷹	躔
chèo	𢴿	掉	棹	𣛨	𩻹
ché	𪨛	𡍘
chém	𪟂	劍	𠛤	㓠	𡃍	斬
chén	𡃹	盞	𥗜
chéo	湥	袑
chép	劄	𠽃	嘖	𩺗	鮿
chét	折	𦄃	紥	𧋍
chê	吱
chêm	拈	襜	袩
chênh	崢	征	正	邅
chì	持	𨦥	𨨲	鈘
chìa	𢹌	鈘
chìm	沉	沈
chình	埕	𩸵	𩶝
chí	志	摯	挚	𤴡	疐	痣	至	蛭	誌	贄	贽	躓	踬	𩶪	鷙	鸷
chích	刺	只	摭	澤	炙	蹠	跖	隻	𩹹	𪇪	鶺
chím	占	呫
chín	𠃩	㐱	𢒂
chính	政	正	酲
chíp	𠽃
chít	哳	𡂒	哲	折	𦄃
chíu	𠰉
chò	株	校
chòi	𢬗	椎	𥴛
chòm	𫇳	呫	移	𥱱	笘	𥬧
chòng	㤏	𧰜
chó	𤠚	㹥	犬	犾	𤝹
chóc	祝
chói	𣉴	樶	熶	𤈜
chóng	𪭮	𫏢	𢶢	𨙛
chóp	𩅀	𩮿
chót	卒	啐	崒	拙	𩫛
chôm	𣚽	橬	苫
chôn	墫	村
chông	𪳘	䈺	蔠
chõ	𪨚	𠰍	𡓇	𡊲	拄	朱	注
chõm	呫
chõn	准
chõng	偅	榻	種	𥵾	重
chù	𪻋	厨	啁	廚	𤝹
chùa	厨	㕑	廚
chùi	𢬗	𢹉	𣑳
chùm	𫇳	呫	森
chùn	𠱜
chùng	𦇮	虫
chú	咒	晝	注	澍	炷	疰	蛀	註	詛	诅	鑄	铸
chúa	主
chúc	囑	嘱	屬	属	烛	燭	矚	瞩	祝	粥	𨃷	鬻
chúi	咥	捶	跮
chúm	呫	點
chúng	众
chút	𪨀	𪨃	𡭧	𡮇	𢮬	拙
chăm	𫂷	𫃋	占	𢟙	𢤝	沾	𥊀	針
chăn	搷	𤛇	𧜖
chăng	丕	庄	張
chĩa	𢶾
chĩnh	𫄺	埩	埕
chĩu	沼
chũa	牲
chũi	跮
chũm	朕	枕	𨫇	鴆
chơ	加	諸
chơi	制	挃	𨔈
chơm	𩬑
chư	諸	诸
chưa	𣗓	𣠖	𤀞	渚	猪	諸	豬
chưn	蹎
chưng	徵	烝	蒸
chương	嫜	張	彰	樟	獐	璋	章	脹	蟑	麞
chước	𫍍	勺	妁	斫	杓	灼	硳	箸	繳	著	酌
chướng	嶂	張	瘴	脹	障
chườm	𤉠
chường	呈	悜
chưởi	𠯽
chưởng	掌
chạ	乍	咋	藉
chạc	啅	戳	櫂	鐲	镯	鋜	鐯
chạch	䖳	𩺢	𩹹	𩶱
chạm	𪮻	𠝻	揕	踸	鏨
chạn	𣗑
chạng	𣈚
chạnh	𢤜	鄭
chạo	招	𦚔	鮉
chạp	𣎖	臘	腊
chạy	豸	𧼋
chả	𫆢	啫	𤀞	渚	炙	鮓	鲊	鮺
chải	扯	豸
chảm	針
chảo	𨥿	𨧪
chảy	沚
chấm	枕	㴨	点	蘸	點
chấn	振	震
chấp	𪠺	執	𢩾	执	𢴇	汁	𤎒	褶	襵
chất	厔	𡂒	屹	膣	蛭	質	质	貭	郅	鑕	锧
chấu	𧎝	𧋀	蛀	蛁	䖡
chấy	𤈜	𧋺	蛭
chầm	占	尋	斟
chần	塵
chầu	朝
chầy	遲
chẩm	怎	枕
chẩn	怎	畛	疹	縝	缜	胗	袗	診	诊	賑	赈	軫	轸
chẩng	拯
chẩu	𠶕	咮	朱
chẩy	沚
chẫm	踸	酖
chẫu	蟄	蛁	蛛
chậm	踸
chận	振	鎮	陣
chập	執	执	習
chật	帙	秩
chậu	𡎣	𡊱
chắc	昃	聀	職	职	質	貭
chắm	枕
chắn	𪩔	振	鎮
chắng	𪭽
chắp	及	執	𢴇	插	执	扱	招	𦄌
chắt	𡂒	𠹗	𡦫	質
chằm	占	忱	𢲥	𢭽	沉	沈
chằn	𤠶	陳
chằng	𤠶	𦁢
chẳm	枕
chẳng	丞	丕	庄	拯
chẵn	振	提	軫
chặm	揕	𣻁
chặn	振	提	拯	陣
chặng	拯
chặp	執	扱	蟄
chặt	𪮞	劕	𠞠	㩫	秩	突	𥾛	質	鑕
chẹ	䊼
chẹn	𢸢
chẹo	召
chẹt	折
chẻ	𢯙	扯	技	𨨪
chẻm	㓠	鮎
chẽ	䊼	製
chẽn	展	𧟀
chế	制	𠶜	吱	製	𨨪
chếch	𣉲	職	隻
chếnh	正
chết	折	找	𣩁	𣩂
chề	提	支	滯	遲
chểnh	整
chễm	占	呫	𡓢
chệ	治	篆
chệch	擲	折	隻
chệnh	整	篆
chỉ	只	咫	址	恉	指	扺	扯	帋	旨	枳	止	沚	滓	砥	祇	紙	䊼	𥿗	纸	脂	芷	衹	趾	躇	跐	酯	阯	隻	黹
chỉm	呫	砧
chỉn	㐱
chỉnh	整
chị	姉	姊	肺
chịa	鈘
chịt	折
chịu	𠺥	𠹾	召
chọc	濁	祝
chọi	㩡	挃	𧥃	跮	𨀤
chọn	撰	論
chọt	啐	𡊲
chỏ	擼	指	拄	𦙴
chỏm	𫗹	枕	𩮿
chỏng	偅	種	𥵾
chốc	𤹙	祝
chối	嘬	咥	嚉	啜
chốn	准	坉	準
chống	𢶢	挵	證	証
chốt	卒	椊	䱣
chồi	𣑳	䒹
chồm	𨇸	跕
chồn	屯	𤞐	㹠	𤶐
chồng	𥔧	𨤯	重
chổi	帚	箒	筙	䇛	𥶲	䒹
chổm	跕
chổn	准
chổng	偅	種	𥵾
chỗ	𡓇	𡊲	祖
chỗi	𠐞	㑍	跮
chỗm	𨃵	跕
chộn	撰
chộp	執	𢴊	𢩾	捉
chột	椊	𥈳	𥄵
chớ	𠤌	𠤆	咀	𤀞	渚	𤈪
chới	制	𤋽	𤈪	𨔈
chớm	𠠭	拈
chớp	𤎒	𩅀
chớt	質
chờ	𪡷	徐	䟻	除
chờn	廛
chở	翥	諸	𨔾	䢐	𩅻
chởm	嶄	𡹟	𥕌	鍼
chợ	助	𢄂
chợp	執	𢴇	𢩾	𥅿	臘
chợt	卒	𡂒	眣	秩	突	跌
chụ	炷
chục	妯	柚	蚰	𨔿	逐
chụm	揕	𥱱	跕
chụp	執	𨄴
chụt	𠶯	啐
chủ	丶	主	麈	拄
chủn	准	準
chủng	偅	種	种	𥵾	踵
chứa	𤀞	渚	翥	諸	𧸓	貯	躇	踷
chức	織	织	聀	職	职
chứng	癥	症	瘴	證	証	证
chừ	𣇞	除
chừa	徐	除
chừng	澄	烝	蒸	證	証
chử	楮	杵	𤀞	渚	煮	煑	翥	褚
chửa	𪦜	𪳼	媎	𣠖	渚	䐗
chửi	𪴾	𠯽
chửng	拯
chửu	箒
chữ	𡦂	𡨸	字
chữa	𡪇	助	𢵻	𧸓
chững	拯	證	証
chực	直
co	孤	𢮩	𢯐	抓	㧓	𨂗	𧿼	𨔌
coi	𫀅	𫀢	占	𥋳	䁛
con	𡥵	昆
cong	𡉖	圮	工	弓	𢏣	𣒳	𦈣	𧋄	釭
cu	俱	蚼	鴝
cua	蠏	𧍆	𧍏	蛄	蛌
cui	𣔞
cung	供	宫	宮	卭	工	弓	恭	空	筇	跫	躬	邛
cuông	光
cuả	𧶮
cuốc	𫛐	國	掬	脚	腳	蟈	𨨠	鋦	鵴
cuối	季	𡳳	𡳃	會	檜
cuốn	卷	捲	眷	睠
cuống	𫈃	𧋵	誑	𨁨	逛
cuồn	𪷧	滚
cuồng	狂
cuộc	局
cuội	桧	檜	𥖩
cuộn	倦	捃	捲	滾	淃	綣	衮
cà	𪲾	𫈥	𫉸	其	咖	𣘁	歌	䔅	茄	蜞	袈
cài	𢱙	掑	㧡	瘸
càn	乾	𠼳	干	㨴	菫
càng	𪨈	𫋙	強	强
cành	𡙴	梗
cào	𢲵	搞	𧎸	覯	鎬
càu	笱	苟
cày	𫀵	掑	𦓿
cá	个	個	箇	𩵜
các	各	擱	搁	鉻	铬	閣	阁	閤
cách	咯	嗝	挌	格	滆	硌	肐	膈	胳	鎘	镉	隔	革	骼	鬲
cái	丐	個	匃	戤	盖	蓋	鈣	钙
cám	感	敢	𥽇	𥼲	紺	绀
cán	幹	干	擀	杆	榦	檊	桿	骭
cáng	𫆥	伉	杭	綱
cánh	𫅩	勁	哽	更	梗	竟	𦑃
cáo	告	𤞺	誥	诰	鋯	锆
cáp	合	哈	蛤	鉿	铪	鴿	鸽
cát	𪶼	佶	割	吉	𡋥	𢲞	桔	洁	𣻅	葛
cáu	㗕	呴	告	垢	𢞄	逅
cáy	𢚲	𢗡	𧉝
câm	𡅧	唫	襟	衾
cân	巾	斤	筋	荕	觔	跟	靳
câng	疆
câu	俱	佝	勾	勹	句	拘	抅	沟	溝	泃	褠	鉤	鈎	钩	阄	鞲	駒	𩾛	鴝	𪀊	鼩	齁
cây	核	荄
cãi	𠳚	唤	改
cò	𫛈	瞿	蛌	𨂗	鸜	𪂮	𪂲
còi	孤	𥶯
còm	臁	膁	𦟉
còn	噲	哙	群
còng	𪽱	穷	𢏣	拲	𣌶	窮	𧔚	𧋄	躬	鉷
có	固	𣎏	箇
cóc	㭲	𧋉
cói	薈	蒐
cóng	𠗸	貢
cóp	合	級
cót	咭	𥱪
cô	估	姑	孤	沽	箍	菰	苦	苽	菇	蛄	軲	轱	辜	逭	鴣	鸪
côi	𪧄	孤
côn	崑	昆	棍	琨	緄	褌	裈	鯤	鲲	鵾	鹍
công	公	功	工	攻	蚣	釭	䲨	䲲
côông	工
cõi	𡎝	𡑭	𨇒
cõng	拱	𧶯
cù	劬	岣	枸	樛	氍	求	癯	瞿	臞	蠼	蠷	虮	虬	衢	鴝	鸲	鼩
cùi	𪽵	儈	𢶟	癩	𪇋
cùm	拑	柑	鉗
cùn	𪟓	勤	𨮉
cùng	共	𡀳	拱	窮	藭	蛩
cú	𫚱	勾	句	枸	笱	苟	鴝
cúa	固
cúc	掬	粷	菊	𨨠	鞫	鞠
cúi	𫏱	儈	𨆝	𩠠
cúm	噤	𤻎
cúng	供
cúp	及
cút	嗗	咭	骨	𪄥
căm	咁	唫	惍	㤌
căn	𠶌	根
căng	兢	扛	𢫮	矜
cũ	𪡻	𫇰	𡳰	屢	屡	𡳵
cũi	櫃
cũn	滚
cũng	供	共	拱
cơ	几	剞	叽	唧	基	墼	埮	奇	姬	幾	机	機	犄	磯	矶	箕	箍	綦	肌	𦠄	萁	蟣	虮	譏	讥	饑	飢	饥
cơi	核	棋	該
cơm	粓	𩚵
cơn	干	杆	群	𩂀
cư	居	据	琚	裾	鋸	锯
cưa	剧	鋸
cưng	姜	疆	羌	薑
cưu	鳩	𩾛
cương	僵	冈	剛	刚	崗	岡	岗	彊	㭎	殭	疆	綱	缰	纲	鋼	钢	韁
cước	脚	腳	踋
cưới	𡣨	𡠣	𡛔
cướp	𪠱	刦	刧	劫
cười	𪤺	唭
cườm	𤪊	𥑠	鉗
cường	彊	强	強	镪
cưởng	囝
cưỡi	騎
cưỡng	强	強	繦	襁
cược	噱	屩	蹻
cạc	𡁤	咯
cạch	劇	磔
cạm	橄	檻
cạn	乾	𣴓	汗	𣵲
cạnh	兢	梗	競	竟	竞	𧣲
cạo	𠜯	搞	鋯
cạp	𫊩	吸	笈
cạu	𡀭	姤
cạy	𫔷	忌	𢭮
cả	𪥘	哿	奇
cải	𪥞	改	𦀻
cảm	感	敢	橄
cản	捍	扞	艮	趕	赶
cảng	𪡝	港
cảnh	儆	境	憬	景	耿	脛	胫	警	踁	颈	頃	顷	頸
cảo	搞	杲	槁	藁	犒	稿	镐	鎬
cảu	𠸚	笱	苟
cảy	𢚲	𢭮
cấc	亟
cấm	噤	妗	㯲	禁
cấn	𪻊	艮	茛	豤
cấp	急	汲	級	级
cất	拮
cấu	勾	垢	夠	够	媾	姤	彀	搆	𢲱	構	构	覯	觏	詬	诟	購	𧵈	购	逅	遘
cấy	摡	穊	稼	𦔙
cầm	及	噙	擒	扲	檎	琴	禽	芩
cần	勤	𥵚	竿	芹	菫
cầu	梂	橋	毬	求	球	虬	裘	逑
cầy	𤊄	猉	𦓿
cẩm	唫	錦	锦
cẩn	僅	𢀷	仅	瑾	菫	謹	谨
cẩu	枸	狗	笱	苟
cận	𣂷	菫	覲	觐	近	靳	饉	馑
cập	及	笈	芨
cật	劼	吃	𦛋	詰	诘
cậu	舅
cậy	忌	𢚁	𢭄	梞
cắc	各	咯	蛒
cắm	㩒
cắn	哏	撼
cắng	亙	亘
cắp	𠎨	扱	𢰽
cắt	𪧱	割	㓤	拮	𪁄
cằm	𦡬	𦠴	𦚕	肣
cằn	𡀣	𠼳	根	𣝀
cẳn	𡄾
cẳng	亙	𨃈
cặc	胳
cặm	㩒
cặn	𠶌	𣴓	𣷯	近
cặp	扱	笈
cọ	𢮭	椇
cọc	梮	極	㭲
cọm	臁	膁
cọng	共
cọp	𤝰	𧳇	𧲫
cọt	橛	骨
cỏ	𦹵	苦
cỏi	𫋻	𡎝	塊	襘
cỏn	衮
cố	僱	估	固	故	痼	錮	锢	雇	顾	顧
cốc	卜	﨏	榖	穀	梏	𤥫	𤭏	谷	轂	𣫂	毂	鵒	𪁵
cối	桧	檜	𥖩	膾	臼
cốm	𥽍
cống	𠗸	槓	𣹟	貢	贡
cốp	𠺻
cốt	傦	榾	汨	滑	蓇	餶	骨	鶻	鹘
cồm	兼	𨃰
cồn	𡑱
cồng	槓	𨫋
cổ	古	咕	牯	蠱	盬	蛊	瞽	罟	股	臌	詁	賈	贾	鼔	鼓
cổi	𫋻	襘
cổn	丨	滾	滚	混	磙	衮	袞	鯀
cổng	𢩛	𢩉	槓	𨶛
cỗ	具	古	股	鈷	钴	𩜃	𩚩
cỗi	根
cộ	椇	𨍄
cộc	局	𥐏
cộm	㯲
cộng	共
cộp	吸
cột	厥	撅	榾	橛
cớ	據	据	故
cờ	旗	旂	棋	棊	碁
cời	掑	棋
cởi	𢶷	𢶒	𢭮	繪
cỡ	𢤫	筥	舉
cỡi	騎
cỡm	慬
cỡn	慬	釬
cợm	儉	𣋜
cợn	𣴓	𣵲
cợt	𠹳	恄
cụ	俱	具	懼	惧	颶
cục	侷	𠸘	局	跼	鋦	锔	鋳
cụi	檜	𨆝
cụm	椹	㯲
cụng	共
cụp	𠀨	級	𨸍
cụt	𡭕	梮
củ	榘	矩	糾	纠	赳	踽
của	𧶮	𧵑
củi	桧	檜
củn	滾
củng	𫋐	供	巩	廾	弓	拱	鞏
cứ	据	據	踞	鋸	锯
cứa	鐻	鋸
cức	亟	棘	殛
cứng	亙	亘	勁
cứt	𡳛
cứu	厩	捄	救	灸	疚	究
cừ	佢	渠	璖	磲	蕖
cừu	仇	裘	讐	讎
cử	举	擧	枸	榉	椐	舉
cửa	𪭚	𫔤	𫔳	𫔸	擧	㪯	𨷶
cửi	𦀻
cửu	久	九	柩	犰	玖	疚	韮	韭
cữ	忌	攑	晤	昛	𤯶	筥	𦝄	舉
cữu	咎	柩	桕	舅	臼
cự	倨	巨	拒	柜	炬	苣	詎	讵	距	遽	鐻	鉅	钜
cựa	巨	距
cực	亟	極	极
cựu	旧	舊
da	𪤻	𪾉	坡	椰	枷	䏧
dai	佳	夷
dan	延	攔	𢬥
dang	延	𢬥	攔	揚
danh	争	名	爭
dao	刀	搖	摇	猺	瑤	窑	窯	窰	謠	谣	遙	釖	鉸	鰩	鳐	鷂
day	厓	崖	𢴐	揩	移	𨃌
di	咦	夷	姨	彌	弥	彝	怡	𢩵	易	瀰	痍	移	胰	荑	貽	遺	迆	迤	遗	頤	颐	飴	饴
dia	𧣧
dim	焰	𥌸	𥇌
dinh	營	营
diêm	檐	焰	盐	閻	阎	鹽
diên	延	涎	筵	蜒	鳶	鸢
diêu	傜	佻	姚	徭	搖	窰	繇	遙	遥	鷂
diếc	𠹗	𩷉
diến	緬	缅	腼
diếp	葉
diếu	𠰀	窖	酵
diềm	檐
diềng	盈
diều	𠺧	鷂	鹞	鳶
diểu	岙	杳	藐
diễm	焰	艳	艷	燄	艶	豔
diễn	𪵰	演	縯	衍
diễu	𠴕	𠰉	杪	渺	淼	繞
diệc	亦	易	𪁂
diệm	艷	豔
diện	面	靣	麵	麪
diệp	靨	靥	叶	曄	晔	爗	燁	烨	碟	葉	蹀
diệt	姪	滅	灭
diệu	兆	妙	岙	曜	渺	燿	玅	矅	耀
do	猶	犹	由	蚰	鈾	铀
doanh	塋	嬴	楹	瀛	溋	營	盈	营	茔	贏
doi	堆	耒
dom	肛
don	燉	炖
dong	容	庸	搈	熔
doá	挫
doãn	允	尹
doạ	唑	𡁜	墮	挫
du	偷	媮	悠	愉	揄	攸	榆	柚	游	渝	油	牏	猷	瑜	窬	腧	腴	臾	萸	蝣	蝓	諛	谀	踰	逾	遊	䣭	鍮
dua	誽
dun	搎	撴	𧑒
dung	佣	墉	容	庸	慵	榕	溶	熔	蓉	融	鎔	鏞	镛	鱅
duy	唯	帷	惟	維
duyên	吮	椽	櫞	橼	沿	緣	缘	鉛
duyện	吮	掾
duyệt	悅	閲	阅
duôi	堆
duẫn	尹	笋	芛
duật	煜	矞	聿	肀	遹	鶏	鹬
duật1	肀
duật2	𦘒
duềnh	溋
duệ	叡	𢶀	拽	抴	曳	泄	㹭	睿	裔	鋭	锐
duối	唯	𣝉
duồng	揚	拥
duổi	𨆷	𩧍
duỗi	唯	𢩽	撮	𨇒	𨅎
duộc	勺	杓
dà	伹	吔	夜	它	椰	枷	㭨	柁	𧹟	迦	遮
dài	𪟞	曳	𨱽
dàm	緘
dàn	寅	𢵧	攔	滇
dàng	𢬥	揚	扛	楊	陽
dành	𪩧	𪺓	停	𠼵	𠯼	𠴔	忊	𤔷	爭	𦱊
dào	𤁓	滛
dàu	油
dày	𪠗	𠫅	𠼪	苔
dác	度	弋	𢩮	桷	榷	𦬹	覺	觉	覚
dái	𠰺	𢘽	曳	𤲼
dám	𪾋	噉	敢
dán	演	𧍴	間
dáng	𠍵	樣
dánh	穎	酩	頴
dáo	教	敎	眇	酵
dát	妲	笪	鎰
dáy	洩
dâm	冘	婬	森	淫	滛	𦹻	霪
dân	民
dâng	揚	𤼸
dâu	𪳫	嫂	妯	柚	桑	𣘛
dây	𠫅	𠫆	移	苔
dã	㐌	也	冶	吔	埜	瀉	者	虵	野
dãi	𪶩	已	𢚵	汜	𣹘	𤋵	𤉒	舄
dãng	蕩
dãy	𠖰	圮	大	𧿆
dè	𠽮	提
dèm	𡅩
déo	𠰉	迢
dép	躡	𨆡	蹛	𩍣
dê	𫅕	喈	移	羝
dêu	摇
dì	夷	姨
dìa	拽	抴	𧣧
dìm	𢺓	沈	霑
dìu	妙	𢭼	耀	調	遙	迢	遥
dí	挗	洟
dích	𪾀
dím	𤢾	𤝫
dính	性	穎	粘	訂	頴	颖
díp	折	釟
díu	𢬢	眇	繞
dò	𠻀	𢲛	𣺺	紬
dòi	𧋆
dòm	𥉰	𥆡	𥛗	窞
dòn	存	𣆱	𤈊	𤵊	𤶐
dòng	𣳔
dó	𢷀	楮	柚	𣜴	𦾤
dóc	唷	篤	觫
dói	唯
dón	寸	䠣
dóng	𢶢
dót	埣
dô	𠴗	由
dôi	𠐸
dôn	敦
dông	容	庸	搈	柊	𣳔	𩘨
dõi	唯	𠼲	燴	烩
dõng	俑	勇	㗈	蛹
dù	𠶢	𠱋	𢂎	愈	油
dùa	揂	捈
dùi	搥	槌	椎	鑆	𨬉	錐	鎚	錘
dùn	𫄃	屯
dùng	𢴋	拥	𢫡	𣳔	用	𨀍
dú	癒	瘐
dúa	瘐
dúi	唯	𢷮
dúm	森
dún	頓
dúng	𢪠
dút	卒	蒓	蓴
dăm	𠄼	𥭍	箴	𥶳
dăn	因	演	𤶑
dăng	張	扛	蠅	蝇
dĩ	以	𡵆	已	既	苡	迆	迤	釔	钇
dĩnh	穎	頴
dũ	俞	庾	愈	揄	收	癒	瘉	瘐	窳	誘
dũng	俑	勇	恿	桶	涌	湧	甬	筩	蛹	𧊊	踴	踊
dơ	汿	涂	洳	除
dơi	㹫	蝔	蛦
dư	予	余	妤	歟	欤	油	舁	艅	譽	輿	舆	餘	鮽
dưa	瓜	芧	𦾠	鮽
dưng	仍	凌	𤼸
dương	𠃓	佯	徉	揚	扬	敭	暘	昜	旸	楊	杨	洋	炀	阦	煬	瘍	疡	羊	⺶	𦍌	陽	阳
dưới	𠁑	𨑜
dười	曳
dường	𠍵	羕
dưỡng	氧	癢	痒	养	養
dược	葯	藥	药	躍	跃	龠
dượi	曳
dượng	仗
dượt	閲
dạ	也	亱	㖡	啫	唯	夜	𦁹	胣	肔	腋
dạc	喥	度	弋	角
dạch	画	畫
dại	𠻇	呆	𢘽	𢚵	栧	㹭	𤵺
dạm	啖
dạn	憚	惮	演
dạng	恙	样	樣	漾	炀	𤎔	煬	羕	𨄶
dạo	𢳥	𨄹	蹈	䟞	道
dạt	搣	𢩮	澾	沃	𣼸	𪁄
dạy	𠰺	敎	曳
dải	戴	滯	繲	𦄂	𧞊	䙊
dảy	大	𧿆
dấm	𡗋	𨣨	𨣤	𨡉
dấn	振	𢪉	𤄱	𤂪	鎮	震
dấu	唒	𢰳	㾞	𤶈	豆	𧿫	𨁪	𨣥	酉	鬥
dấy	拽	曳	𧻭	跩
dầm	撏	滛	淫	𩆍	霪
dần	夤	寅	𥳄	簡
dầu	𪽠	喻	怞	油
dầy	𠫆	𥻣
dẩu	𫇊	唒	喻	𠱋	𠶢
dẩy	𢩽	𧿆
dẫn	廴	引	𤄱	泯	胤	蚓
dẫu	唒	喻	𠶢	𠱋	油
dẫy	𡉏	𢩵	汜	𣲆	洗	𧿆
dậm	𫃒	埮	踸	𨤮
dận	引	𢭝	胤	蚓	𨄻
dậng	𨀊
dập	𪭡	𫃡	㕸	𡏽	摺	搧	拉	扱	熠	習	迭
dật	佚	泆	溢	軼	轶	逸	迭	鎰
dậu	棹	簉	𥴙	酉
dậy	𠰺	𠯅	㖂	曳	𧻭	跩	𧿆
dắc	𢴑
dắng	𡅉	𠱆	賸
dắt	𪮽	㩫	𢴑	𢩮	逸	迭
dằm	𣓆	𥭍	𥶳
dằn	𢴍	撊	陳
dằng	孕	寅	𢫡	担	𨀊	鄧
dẳng	𡄧	簡	養
dẵng	簡
dặc	弋
dặm	拰	𨤵	𨤮
dặn	𠸕	吲	𢚴	胤
dặng	𡅉	𠱆	庄
dặt	撻	逸	迭
dẹ	易
dẹo	妙
dẹp	𡮊	擛	揲	𣜿
dẻ	易	𦘺
dẻo	𠰉	眇
dẽ	𠖰	𠯇	𡉏	𢩵	𢭺	𧿆	雉	鵜
dế	喙	𧍝
dề	𠽮	提	抵	洟	泜	𣻗	𣾸	痍
dền	𦹸
dềnh	情	挰	溋	爭	盈
dể	𠴭	易
dễ	𪱁	弟	易	曳	𥚯
dện	蝒
dệnh	㨕
dệt	𦂾	𦄅
dỉ	汜	洟
dị	异	易	異	肄
dịa	𪵸	泄	洩
dịch	埸	奕	弈	役	懌	怿	掖	易	液	疫	𤶣	繹	绎	腋	蜴	譯	译	踢	驛	驿
dịp	堞	擛	𣋑	蹀
dịt	繹
dịu	妙	易	耀	裕
dọ	𠻀
dọc	𫆡	唷	槈	㯮	獨	育	𨂔
dọi	唯	燴	𨅷
dọn	𢵶	撰	掄	扽	迍	遁
dọng	洞
dỏ	㳶
dỏng	𦡂	董
dốc	𡓞	渥	祝	篤
dối	嚉	對	对
dốn	撰	𦠆
dốt	椊	訥
dồ	𠱋
dồi	𢬗	搥	捶	𣼭	洡	䊚	𦟿
dồn	屯	拵	扽	沌	盆
dổ	擼	扗
dỗ	𠴗	喻	撫	誘
dỗi	𢤡
dội	𣾶	洡	磊	隊
dộng	洞	湧	用	𧊊
dộp	爉
dột	悅	𢝀	湥	滅	突
dớn	𠃤	瞷	簡
dớp	葉
dờ	余
dời	移
dờn	寅	纏
dở	𡁎	唋	𢷣
dởm	減
dỡ	𡁎	啫
dợi	待
dợn	寅	引	𣼹	湎	演
dợp	葉
dụ	喻	峪	裕	誘	諭	谕	诱
dụa	墮
dục	喲	慾	昗	欲	毓	浴	育	鬻	鵒	鹆
dụi	𢵌	𢭺	隊
dụm	呫	森
dụng	用
dụt	揬	㷝	逸
dủ	誘
dủi	㩡
dứ	唋
dứa	架	預
dức	𠯅	𠺒	𠲧	𤴵
dứt	𠞹	𠛣	悉	𢴑	𢲼	担
dứu	牖	釉	鼬
dừ	如
dừa	梌	㭨	椰
dừng	仃	仍	停	打	揨	棱	𥩯	𨀊	𨄻
dử	𪰿	𪾟	唋	汝
dửc	𪧡
dửng	孕
dửu	柚	莠
dữ	与	兴	嶼	屿	與
dữu	卣	銪	铕
dự	与	吁	蕷	譽	誉	豫	預	预
dựa	𢭸	預
dực	熤	煜	翼	翌	翊
dựng	媵	孕	𢫡	𥩯	𨀊	鄧
dựt	秩
e	依	𠲖	㥋	衣
em	俺	奄	㛪	腌
en	嚥
eo	喓	㕭	夭	𣍩	腰	要
gai	荄
gan	肝
gang	𪮚	𡬼	𡬷	𡱸	掆	鋼
ganh	兢	坑	爭	競	竞
gao	耗
gay	咳	垓	荄
ghe	𠺳	稽	𥠻	舸	𦪵
ghen	慳	惚
ghi	𪟕	𪡴	𫂮	𫍕	掑	𥱬	記
ghim	金
ghiì	持
ghiếc	𢙕
ghiền	㗔	堅
ghè	𡒬
ghèn	𥉸
ghé	㨳	掎	𥊘	𥇚	踦
ghém	劍	檢	𧁴
ghép	夾	𢯖	扱	押
ghét	𪢍	恄	𢢂
ghê	𠺳	𡃊	稽
ghì	掑	持
ghìm	鉗
ghẹ	𧋷
ghẹo	𪢤	𪴻	嘺	嘵	𠰉	憍
ghẻ	𡒬	𤴪
ghẽ	技	𢪊
ghế	𪞴	几	楴	𣖟	椅	槣	𧦔
ghếch	擊	格
ghề	𡓈	𥗎
ghềnh	埂	𡌿	𡹞	溸	涼	䃄	赢
ghểnh	撔
gi	椸
gia	傢	倻	伽	加	嘉	啫	咖	家	椰	枷	珈	耶	茄	跏	鎵	镓	爷	爺
giai	𪟦	偕	佳	喈	堦	楷	皆	稭	秸	諧	谐	階	阶
giam	𪬌	㨔	監	緘	缄
gian	奸	姦	艱	艰	菅	間	间
giang	扛	掆	㧏	杠	槓	江	𤭛	𥬮	𦈣	肛	豇	陽
gianh	江	淨	爭
giao	交	攪	搅	膠	㬵	艽	茭	蛟	跤	郊	鮫	鲛
giay	掾	移
gieo	𪶎	搖	挍	撩	招
gion	敦
giong	溶	終	衝	𨄿	𨀐	𨒟	𩢦
gioè	唯
gioèn	眩
giun	撴	䔻	𧑒	𧉙	𨘗
giuã	鑥	𨮋	銼
giuống	降
giuỗi	㩡	𨆷	𨀤
giuộc	勺
già	𫅷	伽	查	枷	痂	笳	𦓅	葭	茄	遮	迦
giàm	緘
giàn	床	𢵧	𣑴	𣠰	橺	滇
giàng	床	𢏠	𢬥	揚
giành	掙	棦	爭	箏
giào	𤁓	洨
giàu	𢀭	朝	蔞
giày	𠫆	𠼪	履	𨃌	𨃐	𧿫	𩌂	鞋
giá	價	假	价	嫁	拁	架	柘	液	稼	𥳅	篾	𦁹	蔗	賈	這	这	駕	驾	鷓	鹧
giác	覺	觉	覚	角
giái	䐭
giám	尶	尴	尲	槛	檻	監	监	鑑	鑒	鍳	鉴
gián	𫋨	演	𧍴	諫	谏	间	閒	間
giáng	揀	絳	绛	降	𩄐
giáo	𪳞	教	敎	槊	眇	窖	酵	𨬊	鉸
giáp	夹	夾	峽	岬	挟	挾	甲	胛	荚	袷	裌	鉀	钾	颊	頬	頰
giát	戞	戛
giâm	滛
giâu	校
giây	之	𣆰
giã	𪢆	也	吔	啫	寫	㨋	𣨕	𦩳	𨔾
giãi	𠸤	𤉒	𤋵	解	豸
giãng	𡅉	𠷬
giãy	䟢
gièm	𡅩	讒
gié	秷
giéo	𠰉
giê	支
giêng	征	𦙫	𣦓	正	𥢆
giò	蓗	𨃝
giòi	𧔾	蜼	𧋆
giòn	𤵊	𦟒
giòng	𣳔
gió	𫕲	𫖾	𫗃	𫗄	逾	這
gióc	𠺷	祝
giói	唯	𢷮	𢫊
gióng	凍	喠	容	揀	𢶢	𢫝
giót	埣
giô	𥳉
giôi	𣑳
giôn	敦	燉
giông	容	庸	𣳔	𧊕	𩘪
giõi	燴	烩
giõng	㗈
giùa	捈	𢭳
giùi	搥
giùm	𡑓	用
giùng	屯	用
giú	注
giúi	㩡	𢬗
giúm	揕
giúng	𢪠
giúp	丸	𠢞	執	𢩾
giăm	箴
giăng	𪩮	扛	𢬥	江	綾	綾	𦝄
giũ	𪮴	𢷀	𣜴
giũa	鑥	𨮋	銼
giơ	捈	拁
giưòng	牀
giương	張	𢬥	扛	𥆀	𥆄
giường	𪲝	床	樑	牀
giạ	𣂃	箸
giạc	𠯅	喥
giại	豸
giạm	𠾻	𢪭	談
giạng	𢏠	𢬥	𨀹	𨄶
giạt	卓	搣	淖	𨆹
giả	𪝪	假	伽	斝	者	賈	贾	赭	鍺	锗
giải	懈	𤋵	𤉒	獬	繲	𦄂	𦃿	蠏	蟹	螮	𧜵	䙊	解	觧	豸	邂
giảm	减	啖	減	簡
giản	但	劗	揀	柬	橺	澗	簡	简	𥳑
giảng	講	讲
giảnh	穎
giảo	佼	咬	啮	姣	狡	𤞑	較	较	鉸	铰	餃	饺	齩	𪘂	䶧
giấc	𥋏	聀	職	职	𦕛
giấm	監	釅	𨣤	𨣨	𨠲	𨡉
giấn	鎮
giấp	蓻	葉
giấu	丑	丒	𢭳	𨁪	酉
giấy	𥿗	紙
giầm	㨔	樳	橝	氳	滛	淫	𩆍
giần	寅	𣠰	𥳄
giầu	𢀭	朝	𦺓	芙	茱
giầy	𠫆	履	摡	持	𥻣	𩌂
giẩng	拯
giẩy	𢩽
giẫm	𣨮	𨃵	踸
giẫy	𢬿	𢩽	扯	洙	洗	䟢	𧿆
giậm	濫	濫	𥸄	踸
giận	𪬲	引	𢚷	恨	陣	限
giập	執	执	拉	熠
giật	秩	迭
giậu	梄	𥵙	笤	𥭛	𥴙	酉	酒
giắng	𠱆
giắt	㩫	𢴑
giằm	㨔	箴
giằn	撊	簡
giằng	兢	庄	𢏠	扛	𢬂	𢭩	𢬥	蠅
giẵm	踸	𨃵
giặc	弋	賊
giặm	拰	湛
giặn	吲
giặp	習
giặt	𪶵	佚	𣾹	泆	㴽	逸	逸
giẹo	召	招
giẹp	𡮊	折	押	甲	葉
giẹt	𠲔
giẻ	幣	弊	綵	䌽	𪂰
giẻo	渺
giẽ	𡉏	𧿆	雉	𪂰
giếc	𩹹	䱑	𩷳	𩷉	𩷛
giếm	占	掂
giếng	𠄺	井	汫	泟	𥐹
giết	𪲽	𢷄	折	𤄌
giếu	酵
giền	𧁶	萾
giềng	𪝕	唐	溋	盈	䋼	萾	𧋸
giềnh	征
giễ	𥫟
giễu	𠴕	𠰉
giệnh	征
giệu	兆	咷
giọ	住
giọi	唯	𢶒	燴	隊
giọn	論
giọng	咚	喠
giọt	𠸂	湥
giỏ	䇠
giỏi	𠐞	𡤟	𤈜	磊
giỏn	吮
giốc	角
giống	偅	種	𥞖	𥵾
giốt	卒
giồ	𠻀
giồi	㩡	𢬗	䊚
giồng	仝	𡊸	𢲣
giổ	吐
giổi	𣑳	𣞂	㰁
giỗ	𠰍	吐	𣋼
giỗi	𠾕	𢙩
giội	㩡	𢬗	洡	𣾶
giộng	挵
giộp	執	𢩾	㷝
giột	湥
giớ	賈
giới	𪽐	介	届	屆	戒	械	瀣	𤈪	𤋽	炌	界	疥	芥	蚧	誡	诫
giớm	監
giớn	䒡	覸	𧢈
giờ	𪬪	𪱡	徐	𣉹	𣇞	除
giời	𡗶	炌	𤋽	𤈪	𧍊	𧋹
giờn	湎
giở	𡁎	𢷣	𧿨
giỡ	啫
giỡn	屯	引	折	演	簡
giợm	監
giợn	愐
giục	𠽖	欲	逐
giụi	㩡	𢬗
giụm	呫	𡑓	踸
giủi	㩡	𢬗
giữ	𪧚	佇	𡨸	拧	貯	𧵤
giữa	𠁹	𠁵	𡧲
giựt	秩
go	姑	孤	箛	𦁣	𩸰
gom	搛
gon	昆	棍
goá	寡	過
gu	俱	塸
guá	𤺮
guốc	椈	梮	槶
guộc	𤶹
gà	𪰏	猗	𪃿	鵸	𪂮
gài	摡	掑
gàm	𫏄
gàn	乾	強	𢠥	近
gàng	強
gành	䃄
gào	哠	嗃	嚎
gàu	浗	篙	脙
gá	嫁	妸	架
gác	各	擱	挌	閣	阁
gái	丐	𡛔
gán	擀	㨴	檊
gánh	挭	梗
gáo	𪢡	𣂋	梏	𤭚
gáy	𠰁	嘅	摡	𦢾	𩬆	𩺺
gân	筋	荕
gâu	呴	𠯜
gây	咳	垓	𢲧	㧡	掑	磋	𦟍	𨢟	𨠳	𨡨
gã	𪟡	何	妸	𡥚	𤯱
gãi	𢭮	摡	掑
gãy	𪮣	𢭮	技	折
gì	之	咦	夷
gìn	吲	廛
gí	挗
gò	塸	坵	𡍢	孤	㩴	𦁿
gòn	棍
góc	𫈅	𣃺	㭲	角	𧣳	谷
gói	𫋻	𢶒	繪
góp	合
gót	𨃴
gô	𦁿
gôi	𡼾
gôm	搛
gông	杠
gõ	𢮭	𢫈	楛	𧑁
gù	俱	𡆚	㖵	臞	虬	鴝
gùi	簣	𥯜	蕢
gùng	𡃕	𠴛
gúa	𤺮
gúng	𠗸	貢
gút	縎	骨
găm	金	針
găng	矜
gũi	噲	哙
gươm	劍	鎌
gương	強	𦎛	葁	鑑	鑒	鏡
gườm	𥋼	䁠	睒
gượm	𥊗	睒
gượng	强	強
gạ	妸
gạc	𫜍	各	挌	觡
gạch	𡑞	劃	坧	𤮄	甎	𥗳	𥗌	磚
gại	𥒅
gạn	伴	𢭬	𣴓	𣵲
gạo	檰	檤	𥽌	𥺊	㫧
gạt	拔	詰
gạy	𢭮
gả	嫁	婍	妸
gảng	𪻈
gảy	𢭮	技
gấc	棘
gấm	錦
gấp	𠍭	及	急	扱	𥄫
gấu	𤠰	𦵷	褠
gấy	嘅	𠰁
gầm	𪡆	噙	唅	㖗	吟	蠄
gần	斤	𧵆	近
gầu	浗	𥴚	𥬉	篙	脙
gầy	𫈺	𤼞	𤷍
gẩy	𢭮	折
gẫm	𡄎	噤	吟	唫
gẫu	㗕
gẫy	𢭮
gậm	𡄎	埁
gập	岋	岌	趿
gật	𪜒	𪨣	乞	各	𡴯	拮	扢	𦛋	訖	頡	𩠓
gậy	𢭮	梞	𧋷
gắm	𥋴	錦
gắn	哏	𠴍	堅	拫
gắng	𪟙	亙	𠡚	哏
gắp	𢰽	扱
gắt	刻	噶	咭
gằm	䁠
gằn	𧵆
gặm	𡅧	𡄎	噤	吟	唫	啃
gặng	𠶌
gặp	及	扱	趿	﨤
gặt	拮	𥢫	秸	𥝎	䣷
gềnh	𡌿
gịt	繹
gọi	噲	哙
gọn	袞	衮	論
gọng	共
gọt	𠞡	搰	𤮾	𨪷
gỏi	𫙛	噲	膾	脍	鱠	𩷆
gỏng	貢
gốc	㭲	梏
gối	𫋻	檜	𨆝
gốm	𡑲
gồ	㮧	𥕥	𥐰
gồi	𧀐
gồm	𪞍	𠁟	𠁝	歉
gồng	工	扛
gỗ	具	楛	㮧	枯	椇
gộc	㭲	梮
gội	澮	浍
gộp	𠄦	合
gột	滑
gớm	𡃍	憾
gờm	𢢬
gở	𪡽	𢤫
gởi	𢭮	改
gỡ	𫑀	𢷣	攑
gợi	𢴖	𢭮	㨳
gợn	湎
gợt	詰
gụ	椇	槁	𣛡
gục	局	𩠧
gừ	㖵
gừa	渠
gừn	𪤷
gừng	姜	羌	薑
gửi	𫏍	𠳚	寄	㨳	𢭮	改
ha	呵	哬	诃	訶
hai	𪱜	𠄩	台
ham	噷	𢣇	歆	蚶	酣	頷
han	𪡗	嘆	𠻃	𧄊	𨫪	鼾
hang	𪨝	𪬏	𡎟	﨏	𥧎	𧯄
hanh	亨	哼	擤	㨘	脝	馨
hao	𪡱	哮	滈	耗	虓
hau	耗
hay	咍	能
he	𡁱	唏	希	𢬾	䖷	鯑
hem	𫅸	嫌	㾾
hen	𠻃	嘆	𤹖	軒	𨪚
heo	囂	㺧
hi	僖	嚱	嘻	唏	嬉	希	戲	𣌀	晞	欷	熙	熹	犧	牺	稀	𦏁
hia	鞵	𩊽
him	𥇶
hinh	馨
hiu	囂	咻
hiên	掀	莶	薟	萱	蜆	軒	轩	鍁	锨	頇	顸
hiêu	囂	嚣	嘵	哓
hiếm	儉	險
hiến	宪	憲	獻	献
hiếng	𥌷	䁐
hiếp	協	脅	胁	脇
hiết	歇
hiếu	好	孝
hiềm	嫌
hiền	賢	贤	䝨
hiều	枵
hiểm	险	險
hiển	显	顯	顕
hiểu	曉	晓
hiệm	贍
hiện	現	现	苋	蜆	蚬	見	见
hiệp	俠	侠	协	協	峡	峽	挾	挟	拹	柙	洽	狹	狭	陿
hiệt	擷	撷	纈	页	頁	頡	颉	黠
hiệu	傚	効	号	斅	效	校	皎	號
ho	𫚶	呼	𤵡
hoa	劃	划	华	化	嘩	哗	𢯘	桦	樺	花	華	葩	譁	鏵	铧	驊	骅
hoai	𡅯	壞	坏
hoan	懽	歡	欢	獾	讙	貛	驩
hoang	塃	慌	肓	荒	謊
hoay	揮	渨	畏
hoe	暉	槐
hoen	歡	欣	𤸧
hoi	咴	灰	𤞑	𦤠
hom	𪵦	𫘃	歆	𤻐	𥵗
hon	昏	焝
hong	𣈞	烘	𤈤
hoà	和	龢	禾
hoài	懷	怀	淮
hoàn	丸	寰	完	桓	汍	烷	環	环	紈	纨	脘	芄	還	还	鬟	鯶	鯇	䴉	鹮
hoàng	凰	喤	徨	惶	潢	煌	癀	皇	磺	簧	篁	蟥	蝗	遑	鐄	隍	鰉	鳇	黄
hoành	横	珩	竑	蘅	衡	鴴	鸻
hoá	化	貨	货
hoác	壑	霍
hoán	喚	唤	奂	奐	換	换	浣	涣	澣	渙	煥	焕	瘓	痪	緩	逭
hoáng	晄
hoát	豁
hoáy	渨	畏
hoã	踝
hoãn	暖	緩	缓
hoãng	宏
hoè	槐
hoé	吪
hoét	穴	血
hoăn	㬻
hoăng	荒	薨
hoạ	和	画	畫	禍	𥘑	祸
hoạch	劃	擭	獲	畫	穫	𥽍	鑊	镬
hoại	壞	坏
hoạn	宦	患	豢
hoạnh	横
hoạt	活	滑
hoả	夥	火	灬	鈥	钬
hoả2	灬
hoải	壞	坏
hoảng	幌	慌	恍	怳	㨪	晃
hoảnh	怳	𣹔
hoắc	或	攉	藿	霍
hoắm	陷
hoắt	𠟥	𨨅
hoằn	𡮗
hoằng	弘	泓
hoẳn	𦞔
hoẵng	𤠤	麞	麂
hoặc	惑	或
hoẹ	𡁜	𠽡
hoẹt	𠱇	穴
hoẻn	𡮄	幻
hu	吁	𠳲	昫	樗	籲
hua	𫗶
hui	灰
hum	歆	𥵗
hun	燻	熏	焝	魂
hung	兇	凶	匈	恟	胸	胷	詾	訩	讻
huy	𧗼	徽	揮	撝	挥	㧑	暉	晖	煇	眭	輝	辉	麾
huynh	兄
huyên	喧	暄	泫	渲	煊	蘐	萱	諼	谖	諠
huyết	血
huyền	弦	懸	悬	玄	痃	絃	舷
huyễn	晅	楦	楥	烜	炫	眩	衒	鉉	铉
huyện	县	縣
huyệt	穴
huân	勳	勛	勋	壎	埙	曛	燻	熏	薰	荤	葷	醺
huê	花
huênh	轟	𨋌
huý	諱	讳
huých	鬩
huýt	𠲣
huơ	𢯘
huơi	揮
huấn	訓	训
huần	𡮗
huế	化
huếch	擴
huếnh	呪	迥
huề	和	攜	𢹂	携	畦
huệ	僡	惠	慧	恚	憓	慱	蕙	蟪
huống	况	況	貺	贶
huỳnh	熒	荧	螢	萤	黄
huỵch	鬩
huỷ	𠦄	毀	燬	虺	譭
hy	希	熙
hà	何	哬	呵	河	苛	菏	蝴	蚵	虾
hài	孩	諧	谐	鞋	骸
hàm	函	啣	含	嗛	唅	咸	圅	憨	涵	𥻧	𦛜	酣	銜	衔	頷	鹹
hàn	韩	寒	焊	翰	蔊	釬	銲	韓
hàng	吭	桁	杭	沆	絎	绗	航	行	降	頏
hành	桁	珩	荇	茎	衡	行
hào	嚎	号	嘷	嗥	壕	𣉶	殽	毫	濠	淆	爻	肴	號	蠔	蚝	豪	餚
hàu	蠔	䗔
há	𠹛	呵	暇	𧯶
hác	壑	郝
hách	嚇	吓	罅	赫
hái	𢲨	挴	𨨫
hám	噉	憨	憾	撼	矙	瞰	闞
hán	厂	汉	漢
háng	𪩵	漢	項
háo	好	𣉶
háp	匣	柙
hát	喝	咭	欱
háu	好
háy	𥉪
hâm	歆	𤐚	𤋾
hân	𪾯	忻	忺	惞	杴	𣔙	欣	焮	訢	鍁
hâu	𪃱
hây	𪹎	希	熙	𤍃	熹
hãi	㤥	駭	骇
hãm	陷	餡	馅
hãn	悍	捍	汗	熯	猂	罕	闞
hãng	行
hãnh	倖	悻
hão	𠲡	好	皥	皞
hãy	唉	咳	駭
hè	厦	唏	𡏘	𡏛	夏	复	廈	𢇱
hèm	嫌	槏	𥻧
hèn	𪬡	𫎤	𢤞	賢	閑	闲
hèo	枵	𣜵
hé	戲
héo	𤉗	痚
hét	𠿒	喝	歇
hê	希
hên	𢟑	興	軒
hênh	馨
hêu	囂
hì	嘻	唏	稀
hình	刑	型	形
hí	嘻	咥	唏	屃	屭	戲	戏	曁
hích	覡	觋	赫
híp	協	㾑
hít	喝	歇	𪗀
hò	㗅	呼	胡
hòi	回	徊	潰	𤞑	㹯
hòm	函	㮀	梒
hòn	𪢰	丸	𡉕	塊
hòng	𪡥	啌	𠸣	哄	洪	䀧
hó	嘑
hóc	𫘲	斛	旭	郁
hói	晦	洄	潰	澮
hóm	憾	憨	陷
hóng	𤆺	烘
hóp	哈	答
hót	唿	𡁾	㧾
hô	呼	嘑	㗅	戲	戱	戏	瑚	謼
hôi	咴	喂	洃	灰	𦤠	葷	豗
hôm	𣋚	歆
hôn	婚	昏	閽	阍
hông	㐫	𡏠	𤈤	胸	胷
hù	吁
hùa	和	扶	抶	諛
hùi	𢌞	廻
hùm	𤞻	𧳘
hùn	𡄬	魂
hùng	熊	雄
hú	嘑	嘘	呼	㦆	煦	觳	酗
húc	𪺬	勖	拗	旭	朂	觸	頊	顼
húi	悔	誨
húm	憨
húng	𠺱	汹	洶	𦭪	酗
húp	吸
hút	唿	吸
húy	諱
hăm	噷	唅	喑	𢣇	歆	菡
hăng	𢣇	興	行
hĩ	唉	矣
hĩm	險
hĩnh	脛
hũ	圬	壼	𤮒	𧇍
hơ	𪹣	𤏤	虚
hơi	唏	唉	希	有	𣱬	矣
hơn	欣
hư	嘘	墟	歔	欻	虚
hưa	虚
hưng	兴	興
hưu	休	咻	庥	㹯	貅	鵂	鸺
hươi	揮
hươm	焓
hương	乡	鄕	香
hươu	休	㺧	㹯	貅
hước	謔	谑
hướng	嚮	向	響	饟	餉	饷
hườm	𡌢
hường	紅	𧹰
hưởng	响	享	響	饗	飨
hượm	𧳘
hạ	下	假	厦	嗄	夏	复	廈	暇	賀	贺
hạc	涸	鶴	鹤
hạch	劾	核	覈
hại	害
hạm	槛	檻	㺝	𤞻	䚀	舰	艦	菡	頷	颔
hạn	旱	瀚	銲	限
hạng	巷	項	项
hạnh	倖	幸	擤	杏	荇	行
hạo	暠	昊	浩	涸	皓	皜
hạp	匣	匼	合	呷	嗑	峽	狎	盒	盍	盇	闔	閘
hạt	曷	涸	瞎	籺	紇	蠍	蝎	褐	轄	辖	鎋	鶡	鹖
hả	𪵤	嘑	呵	暇
hải	海	醢
hảm	喊
hảng	項
hảnh	焞
hảo	好
hảy	嘻
hấc	吃
hấm	𡄏	噷
hấn	衅	釁
hấng	称	秤
hấp	吸	噏	歙	熻	翕
hất	吃	訖	讫	迄
hấu	好	𤬈	𦵷	鱟	鲎
hấy	海
hầm	唅	𡌢	焓	𤐚	窨
hầu	候	倪	侯	休	喉	猴	瘊	篌	蠔	䗔
hẩm	噷	𥼲	飲
hẩn	很
hẩng	閧
hẩu	好
hẩy	𫗀	𢲨	海	𤍃	𩘫
hẫng	𠾿
hậm	噷	檻
hận	恨
hật	肸
hậu	候	侯	厚	后	後	骺
hắc	黑
hắn	𪝳	罕	釁
hắng	𡁝	响	𠶁
hắt	乙	忆	𢩧	迄
hằm	卸	唅	喑	𢣇	菡
hằn	垠	𢢈	恨
hằng	姮	恒	恆	桁
hẳm	陷
hẳn	𪳨	罕
hẳng	𠽘
hẵng	亘	亙	𣆯
hặc	劾
hẹ	𦵠
hẹn	𠻷	哏	現	限
hẹp	狹	狭	陿
hẻ	喜	矣
hẻm	險
hẻo	𪸊	嘵	曉
hếch	劾	扢
hến	𧖃	䘆	蜆
hết	喝	尽	𣍊	歇	盡
hếu	好	孝	𤽴
hề	係	兮	嗘	𠯋	嘻	奚	稀	鼷
hềnh	形
hều	囂
hể	係	盻
hển	𡆘	显
hểnh	脛
hểu	曉
hễ	係	唉	𠯋	盻
hệ	係	匚	系	繋
hệch	劾	扢
hệt	頁	頡	頢
hỉ	喜	矣	禧
hỉnh	擤	脛
hịch	檄
họ	𪭘	户	𣱆
học	學	斈	学
họng	哄	𠸣
họp	合	哈
hỏi	𫊹	𠳨	噲	哙
hỏm	陷
hỏn	𠽞	混
hỏng	孔	閧
hố	唬	呼	戽	諕
hốc	𫁚	嘝	熇	谷
hối	匯	彙	悔	擓	晦	汇	滙	誨	诲	賄	贿
hống	吼	哄	汞	䈜	銾	閧	鬨
hốt	嚛	唿	囫	忽	惚	㧾	笏
hồ	乎	壼	壶	湖	煳	烀	猢	狐	瑚	弧	瓠	糊	胡	葫	蝴	衚	醐	餬	鬍	鶘	鹕
hồi	咴	回	囬	廻	徊	洄	茴	蛔	蚘	迴	鮰
hồn	渾	浑	诨	諢	餛	馄	魂
hồng	洪	烘	红	紅	虹	訌	讧	魟	鴻	鸿
hổ	互	唬	𢜜	𢗝	琥	虎	虍	䗂	諕
hổi	晦	𤍃	烸
hổm	歆	𨄽
hổn	𠽞	混
hổng	𫁎	吼	孔	䈜	閧	鬨
hỗ	互
hỗn	圂	溷	混	渾	焜
hộ	𫈈	𫉚	冱	怙	扈	𧦈	户	护	滬	沪	護
hộc	斛	槲	觳	鵠	鹄
hội	会	憒	愦	會	㱮	殨	潰	溃	癐	繪	绘	缋	聩	聵	薈	荟
hộn	混
hộp	匣	匼	哈	盒
hột	曷	核	紇	纥	齕	龁
hớ	𠼯	𤾟	許
hớn	𢠦	忻	欣	汉	漢	焮
hớp	吸	哈	呷	咂
hớt	㓭	吃	搳	歇
hờ	嘘	哬	除
hời	侅	孩
hờm	含
hờn	𪬼	𢤞	恨
hở	𢠇	滸	矣	許
hởi	唉	喜
hỡi	𪠠	咳	唉	有
hợi	亥
hợm	唅	頷
hợp	合	頜	颌	餄	饸
hợt	㖽	轄
hụ	户
hục	勖	學	觸
hụi	会	會
hụm	𡅋	唅
hụp	溘
hụt	唿	紇
hủ	朽	果	栩	腐	詡	诩
hủi	癐	𤻏
hứ	嘘	呿
hứa	許	许
hức	洫	䱛
hứng	興
hừ	嘘	嘑
hừng	𤑍	𤊪
hử	嘘	浒	滸	虚	許
hửng	𤑍	焞	𤊪
hữ	許
hững	𠾿	𢸾
hữu	友	右	圀	有	銪	铕
hự	嘘	虚
hực	𠸡	𠶗	𤍋	𤊧	訖
hựu	侑	佑	又	宥	祐
hỷ	喜	絺
hỹ	矣
im	厭	奄	㛪	庵	淹
in	印
inh	嚶	𠸄
ke	𠴜	雞	鷄
kem	兼
ken	摼
keng	堅	鏗	鍄
keo	膠	䐧
kha	哥	坷	柯	牁	珂	疴	舸	訶	軻	轲
khai	𫔭	开	楷	鐦	锎	開
kham	堪	戡	龕	龛
khan	乾	刊	𠸦	慳	旱	汗	看
khang	吭	康	槺	穅	糠	腔	鱇	𩾌
khanh	卿	坑	𡝕	硜	硁	鏗	铿	阬
khao	𪽽	𫘶	滈	犒	磽	稿	蒿
khau	𪯫	𥬨
khay	𣛣	𥳐
khe	溪
khem	嗛	槏	謙
khen	𪮒	𠰙	𠸦
kheo	𪴁	丘	𤵢	䟬	𩨼
khi	攲	榿	桤	欺	欹
khin	牽
khinh	𠲮	氫	輕	轻
khiêm	謙	谦
khiên	愆	悭	慳	搴	牽	牵	縴	䊹	肩	褰	騫	骞
khiêng	𢷰	掮	摼	扛	杭
khiêu	㚁	挑	撬	橇	翹	翘	跳
khiếm	塹	堑	欠	芡
khiến	譴	遣
khiếp	怯	惬	愜	箧	篋
khiết	乜	喫	啮	挈	潔	洁	𣸲	羯	齧
khiếu	儌	僥	侥	叫	呌	嘯	噭	徼	竅	窍	窖
khiền	愆
khiểm	慊	歉
khiển	繾	缱	膁	肷	譴	谴	遣
khiễng	𨇀
kho	𪹜	厙	庫	𤋹	𤋼	𤇌	𧁷
khoa	侉	咵	垮	夸	姱	恗	科	窠	蝌	蚪	誇	䚵
khoai	垮	圭	荂	鱠	鮭
khoan	寬	宽	鑛	鑧	髖	髋
khoang	桄	𦨻	𦪻	艙	𧧯
khoanh	傾
khoe	𫏥	恗	誇
khoen	圈
khoi	𣾺
khom	堪	𢐊	欽	謙
khong	啌
khoá	挎	胯	課	课	跨	銙	錁	鎖	骻	𩸄
khoác	𢸠	攉	擴
khoách	廓	擴
khoái	儈	侩	蒯	噲	哙	快	澮	浍	燴	烩	筷	膾	脍	鱠	鲙	𩷆
khoán	券
khoáng	壙	圹	曠	旷	爌	礦	矿	纊	纩	鑛
khoát	括	濶	闊	阔
khoáy	快
khoèo	跳
khoé	𠺺	恗	𥌥	睽	眭	𥆁	觟
khoét	𪟅	劂	抉	鈌
khoăn	寬
khoạt	蛞	豁
khoả	𪝄	倮	攞	㰁	棵	裸	裹	課	顆	颗	騍	骒	髁
khoải	噲	掛	挂
khoản	款	欵	窾
khoảng	壙	曠
khoảnh	壙	頃	顷
khoắc	嘓
khoắng	礦
khoắt	闊	阔
khoẻ	劸	跬
khu	區	区	嶇	岖	摳	抠	敺	枢	樞	瞘	眍	躯	軀	驅	驱
khua	摳	抠	拞
khui	𢴖	啟	開
khum	穹
khung	穹	空	芎
khuy	亏	窺	窥	虧	𧘚	闚
khuya	𣌉	𣅘	虧
khuynh	傾	倾
khuyên	勸	圈
khuyến	勸	劝
khuyết	劂	炔	缺	袂	鈌	闕	阙	闋	阕
khuyển	犬	犭
khuá	摳	抠
khuân	囷	捃	𢮖
khuâng	傾
khuây	亏	𢚹	𢗃	𢣧	虧	雐
khuê	刲	喹	圭	奎	恚	暌	珪	睽	硅	閨	闺	鮭	鲑
khuôn	匡	囷	困	坤	𣟂
khuông	劻	匡	哐	𣃱	框	眶	筐	閫	阃
khuất	屈	闃	阒
khuấy	快	𢭴
khuẩn	囷	菌
khuếch	廓	擴	扩
khuể	跬
khuỳnh	傾	𢷳
khuỵ	𨇶
khuỷu	竅	肘	鬼
khà	𠀪	呵
khàn	𠸦
khành	卿
khào	尻
khá	可	呵	坷
khác	恪
khách	咯	喀	客	揢	髂
khái	咳	慨	愾	忾	概	欬	𤡚	𤠲
khám	勘	𠥈	闞	龕
khán	看
kháng	伉	夯	抗	炕	䂫	肮	鈧	钪	頏
khánh	庆	慶	磬	罄	謦
kháo	靠
kháp	匼	恰	掐
khát	渴
kháu	𫅖	𫅟	寇	扣
kháy	𡁙	𠹛
khâm	欽	钦	襟	衾
khân	巾
khâu	丘	坵	扣	蚯	邱
khè	契
khèo	𨅻
khé	契	栔
khéo	矯	窖	靠
khép	愜	怯	𢬱	𢯖	揳	抾	𤋸
khét	𤋸
khê	溪	𥻺	谿	蹊	鞵
khênh	𢷰
khêu	挑	拞	跳
khì	𠿁	唭
khìa	𠿁
khí	器	噐	弃	棄	气	氣	汽	炁
khía	㓶	契	抾
khích	激	綌	隙
khín	繾
khít	契	𢝛	栔	潔
khíu	呌	竅
khò	𠺟	枯
khòm	謙
khó	厙	庫	𧁷	苦
khóc	哭	泣
khói	塊	𤐡	𤌋	𤐜
khóm	勘	坎	㯲
khô	刳	枯	骷
khôi	咴	恢	灰	瑰	盔	詼	诙	魁
khôn	𫒨	坤	髡	髠
không	崆	空	箜
khù	區	𣞃
khùa	摳	抠
khùng	窮
khú	𪪫	坷	疿	痀	𤹪	疴
khúc	𪲇	曲	粬	蛐	麹	麴	麯
khúm	坎	𨆃
khăm	坎	堪
khăn	巾
khăng	𠻞	康	慷
khũ	龋
khơi	𢵱	摡	𢴖	啟	𣾺	洃	開
khư	厶	嘘	圩	墟	祛	䆰	胠	袪
khưu	丘	坵	邱
khươm	參	参
khương	姜	康	慶	羌	薑	蜣
khước	卻	却
khướt	肐
khướu	𫛕	𪆥	𩿨
khưỡng	仰
khạc	咯
khạng	𠀖	䟘
khạo	叩
khạp	匼	榼	溘	盍	瞌	磕
khả	可
khải	凱	凯	剴	剀	啓	塏	垲	愷	恺	启	揩	鎧	铠	闓
khảm	凵	坎	嵌	歃	砍
khản	侃	𠸦	看
khảng	亢	忼	慷	骯
khảnh	𠾶	景
khảo	拷	攷	栲	烤	𥹬	考	銬	铐
khảy	𠹛	𢴖
khấc	刻
khấm	撳	搇	揿
khấn	懇	恳
khấp	泣
khất	乞
khấu	𪸘	叩	寇	扣	蔻	釦	𣫠
khẩm	撳
khẩn	墾	垦	懇	緊	紧
khẩu	口
khẩy	𢭮
khập	匼	𨂖
khật	吃	迄
khắc	克	剋	刻	㖪	嘓	尅
khắm	𦤯	龕
khắn	𠿵	懇
khắng	𠿵
khắp	插	掐	泣
khắt	乞	刻
khẳm	坎	龕
khẳn	𦤱
khẳng	啃	𣔨	肯	龈
khặc	咯
khẹt	𠹳
khẻ	契	栔	稽
khẽ	𡃊	契	栔	稽
khế	喫	契	揳	楔	栔	瘈
khề	𠀫	𠿁
khều	挑
khể	稽	綮
khểnh	警
khểu	挑	跳
khệ	憩	憇
khệnh	𠀗	耿
khỉ	𡸈	岂	𤠳	𤠲	起
khỉnh	𪡿	𠲮	輕	頃
khỉu	儌	呌	拷	竅
khị	憩
khịa	喫
khịt	喫	噄	契	𣸲
khọm	謙
khọn	㹠
khỏ	𢫈
khỏi	塊
khỏng	吼	孔	窒	空
khố	厙	庫	库	胯	褲	袵	裤
khốc	哭	酷
khối	塊	块
khốn	困	睏
khống	控	鞚
khổ	苦	𧁷
khổi	傀
khổn	捆	梱	綑	閫	阃
khổng	孔
khới	慨
khớp	級
khờ	渠	𤵕	疴	虚
khờn	愆
khởi	𡸈	杞	綺	绮	級	𦜹	起
khụ	痀	䆰	𦓇	𦒵
khục	㖆
khụy	𨇶
khủ	𦓇	𦒵	苦
khủng	𠺱	啌	孔	恐	㤨
khứ	去	呿
khứa	呿	𠼯	抾
khứng	肯
khứu	嗅	溴	糗
khừ	𠹱	除
khừng	肯
khử	去
ki	機	羁	覊	飢	麂
kia	箕
kim	今	金	钅	鈐	釒	針
kinh	京	徑	惊	涇	泾	㹵	痙	痉	經	经	脛	胫	茎	踁	驚
kiêm	兼	搛	揀	拣	縑	缣	鰜	鳒	鶼	鹣
kiên	堅	坚	慳	掮	肩	鰹	鲣
kiêng	𪬧	京	𠶛	𠼤	堅	忌	惊
kiêu	澆	浇	驕	驍	骄	骁	梟	枭	鴞
kiếm	劍	劎	剑	斂
kiến	建	蜆	見	见
kiếng	鏡
kiếp	刼	刧	刦	劫
kiết	了	吉	孑	孒	戞	戛	拮	𤵹	訐	讦
kiếu	告
kiềm	堿	拑	礆	碱	硷	箝	鈐	鉗	钤	黔
kiền	乾	揠	犍	繭	虔
kiềng	鍄
kiều	乔	僑	侨	喬	嬌	娇	桥	橋	翹	翘	蕎	荞
kiểm	撿	捡	檢	检	瞼	睑	簽	签	臉	脸	薟
kiển	囝	笕	絸	茧	謇	蹇	趼
kiểng	景
kiểu	儌	僥	侥	嶠	峤	徼	撟	挢	杲	藁	皎	矫	矯	繳	缴
kiễng	蹇
kiệm	儉	俭
kiện	健	件	毽	腱	鍵	键	鞬
kiệp	鋏
kiệt	傑	桀	杰	碣	竭
kiệu	蕎	轎	轿
kon	崑
ky	箕
kè	掑	棋	蜞
kèm	兼	搛	瞼	鈐	鉗
kèn	𥱲	𧤥	𨪝
kèo	撟	橋
ké	寄	𦵗	計
kéc	鴼
kém	劍
kén	挸	現	繭	絸	茧	見
kéo	𪭸	撟	捁	𢹣	抖	𢫃	橋	矯	𦀽	𨦀	鋯
kép	𠄳	夾	急	甲
két	咭	孑	拮	𪁄	鴶
kê	乩	稽	筓	計	计	雞	鷄	鸡	鳮
kên	𪅤
kênh	涇
kêu	叫	嘺	嗃	呌
kì	其	圻	埼	奇	崎	岐	掑	旗	旂	期	棋	棊	歧	淇	琦	琪	畿	碁	祈	祺	祁	礻	綦	耆	芰	芪	蟣	蜞	虮	頎	騏	骐	鰭	鳍	鯕	鲯	麒
kìa	𣈒	箕
kìm	鉗	䰼
kìn	虔	𨊰
kình	勍	勁	劲	擎	檠	鯨	鲸	黥
kí	冀	嘰	寄	彐	⼹	彑	既	羈	記	记	驥	骥
kía	𣉸
kích	击	戟	㦸	擊	激
kín	謹
kính	径	徑	敬	逕	鏡	镜
kíp	及	急	洎	趿
kít	戞	戛	拮
kíu	叫
ký	寄	彑	記
kĩ	伎	几	妓	庋	忮	技	紀
kĩa	𣇠
kĩnh	剄	刭
kĩu	矯
kẹ	偈	几	寄	彐
kẹn	健	件
kẹo	𥼱
kẹp	扱	鋏
kẹt	搩	桀	磔
kẻ	仉	几	古	計
kẻm	瞼
kẻng	景	耿	鏡
kẻo	矯	翹
kẽ	几	𠴜	技	計
kẽm	嶮	峡	峽	𨯘	鐱	鈐
kẽo	嘺	矯
kế	繼	继	継	薊	計	髻
kếch	劇	擊
kết	鍥	锲
kề	𪜝	𫑇	倛	掑	期
kềm	鉗
kền	𨪝
kềnh	鯨
kều	掑	蹻
kể	技	計	𧦕
kệ	偈	喝	彐
kệch	劇
kỉ	几	己	𠘨	幾	椅	紀	纪
kỉa	𣅗
kỉnh	耿
kị	忌	暨	芰	跭	騎	骑
kịa	𣇡
kịch	劇	剧	屐
kịn	件
kịp	及	趿
kịt	桀
kỳ	其	奇	旗	期	畿	麒
kỵ	忌	騎	𩺺
kỷ	几	己	紀
kỹ	伎	几	妓	技	紀
la	𪡔	囉	啰	椤	纙	羅	罗	蘿	萝	邏	逻	𨔍	鑼	锣	騾
lai	來	佳	徠	徕	𢯦	来	棶	梾	淶	涞	𤳆	睐	睞	䅘	𥟂	萊	铼	錸
lam	婪	嵐	岚	琳	𥜓	篮	籃	糮	蓝	藍
lan	𫇡	囒	攔	拦	斕	斓	欄	栏	瀾	澜	蘭	兰	讕	谰	鑭	镧	闌	阑
lang	𫉱	廊	榔	欄	狼	琅	瑯	筤	蜋	郎	鋃	锒
lanh	𫑅	令	伶	怜	拎	灵	玲	𧼍	靈
lao	勞	嘮	哰	唠	㗦	牢	嶗	撈	捞	癆	痨	劳	醪	鐒	𨦭	铹
lau	勞	撈	捞	𦺜
lay	來	摛	𢯦	来
le	囄	𠲥	𠻗	離	𪅆
lem	淋	𥋲
len	𨖲	縺	𨈆	蹥	連
leng	灵	玲	靈
leo	𠖭	撩	燎	繚	𨇉
li	厘	囁	喱	嫠	氂	灕	漓	犛	狸	璃	瓼	篱	籬	縭	罹	釐	離	驪	骊	鸝	鹂	黧
lia	俚	攡	離
lim	林	𣜰	瞼	𥋲
linh	𪹂	伶	冷	拎	𤅷	泠	灵	玲	笭	羚	翎	舲	苓	蛄	蛉	鈴	铃	靈	零	鯪	鲮	鴒	鸰	龄
liu	蟟
liêm	匳	奁	奩	帘	廉	簾	臁	蠊	鐮	鎌	镰
liên	怜	漣	涟	聫	聯	联	蓮	莲	𧐖	褳	裢	連	连	鏈	链	鰱	鲢
liêng	灵	靈
liêu	僚	寥	寮	廖	撩	潦	燎	獠	瞭	繚	缭	綹	聊	蟟	遼	辽	鐐	镣	髎	鷯	鹩
liếc	挒	𥋷	𥉬	𥆁	𥆀
liếm	𡄥	舚	舓	舔	舐
liến	嗹	連
liếng	另	玲	翎
liếp	𡓍	𥸆	䉭	笠
liềm	鐮	鎌
liền	吝	聯	連
liều	料
liểng	冷	𨀌
liểu	簝
liễm	斂	敛	歛	殓	殮
liễn	攆	撵	䃛	聯	輦	辇
liễu	了	柳	瞭	蓼	釕	钌
liệm	斂	歛	殮
liệng	令	翎
liệp	巤	獵	猎	䉭	躐	鬣
liệt	冽	列	劣	咧	捋	洌	烈	裂	趔	鴷	䴕
liệu	尥	撩	料	燎	療	疗	鐐
lo	嚧	𠰷	𢗼	𢥈	慮
loa	瘰	脶	腡	蔂	螺	驘	騾	骡
loan	圝	孪	孿	峦	彎	弯	欒	栾	灣	湙	臠	脔	鑾	銮	鸞	鸾	鵉
loang	攣	郎
loanh	令
loay	揮
loe	蘺	螺
loen	郎
loi	㵢	𩁦
lom	林	𥍍	𦡶	臨
lon	崙	輪	𨫅
long	嚨	咙	𢲣	攏	滝	瓏	珑	竜	隆	龍	龙
loà	𤍶	𥅦	蠃
loài	爻	类	𩑛	類	𩔗
loàn	亂	乱
loá	𤆷	𤍶
loáng	灣	湙
loát	刷	𠷈	揠	捋	涮	軋	轧
loã	伙	夥	臝	裸	鈥	钬	顆	颗
loãng	灣	湙
loè	𤑬	𤍶
loé	𤑬
loét	𪽯	刷	𤷯
loại	巒	类	𩑛	類	𩔗
loạn	亂	乱
loạng	𨈊	𨂺
loạt	刷	拉
loả	蠃
loảp	𪺦
loắt	搮
loẹt	列
loẻn	郎
lu	僂	偻	娄	婁	盧
lui	𨆢	𨙝
lum	林
lun	綸
lung	嚨	㖫	咙	𢲣	𢴋	𢹈	𢫝	曨	昽	櫳	栊	泷	瓏	珑	癃	矓	眬	礱	砻	篭	籠	笼	䏊	朧	胧	蘢	茏	隆	龍
luy	嫘	瘰	縲	缧	羸
luyên	攣	挛
luyến	孌	娈	恋	戀
luyện	楝	栋	煉	炼	練	练	鍊
luá	穭	𧀦
luân	仑	倫	侖	伦	圇	囵	崙	掄	抡	沦	淪	綸	纶	輪	轮
luã	屢	屡
luôm	襤
luôn	㫻	輪
luông	𪥛	㳥	籠	篭
luýnh	戀
luẩn	惀	悋
luận	論	论
luật	律
luốc	綠
luống	𪽏	𡏡	隴	𨻫
luốt	律	𢯰	𦂻
luồn	𫁛	倫	𢳳	掄	淪	純	論
luồng	弄	籠	篭	蠪	蠬	𧏵	龍
luộc	灟	爥	𤐠	𤊒
luộm	濫
luột	𦂻	𧙀
luỵ	戾	淚	累
luỹ	壘	垒	纍	累	虆	藟
ly	厘	氂	璃	釐	離
là	𪜀	纙	羅	罗
lài	萊
làm	𪵯	濫	爫
làn	灡	瀾	澜	篮	籃	闌
làng	廊
lành	𫅜	𫅞	令	冷	𡅑	𡅐	苓
lào	牢	狫
làu	嘍	咾	恅	漏
lày	𢹿
lá	𦲿	蘿	萝
lác	咧	嚛	櫟	𥋷	落
lách	𫇀	攊	藶
lái	俚	𢁑	梩
lám	𤃢
lán	欄
láng	廊	㫰	𣼽	爛	鄰
lánh	𪡎	𪸝	伶	另	𨀌
láo	咾	島
láp	啦	擸	措	拉	躐	邋
lát	𣋩	落	辣
láu	老
láy	𠸨	𥙩
lâm	临	啉	林	淋	琳	臨	霖
lân	吝	嶙	粼	憐	怜	燐	瞵	磷	粦	轔	辚	遴	鄰	邻	隣	鱗	鳞	麟
lâng	凌	淩
lâu	僂	偻	𠞭	剅	嘍	喽	婁	娄	摟	搂	楼	樓	漏	瘻	瘺	瘘	䁖	瞜	簍	篓	𥹰	耧	耬	舊	蔞	蒌	螻	蝼	髏	髅
lây	唻	涞	淶
lã	呂	吕	铝	鋁
lãi	禮	𥚥	礼	𥚄	蠡	𧕬	賚
lãm	攬	揽	欖	榄	㰖	䌫	缆	罱	覽	覧	览
lãn	嬾	懶	懒
lãng	朗	浪	烺
lãnh	冷	冷	囹	嶺	岭	紷	聆	領	领
lão	佬	姥	栳	老	銠	铑
lè	𪺇	𠻗	摛	𣗱	漓	離
lèm	𠿳	醶
lèn	摙
lèo	𫃼	尞	繚	膫
lé	𥆼
lém	𠿳	歛
lén	𨖲	𥌦	練	聯	𨇍	躒	蹥	輦
léo	了	𠮩	嘹
lép	笠	𥼕	粒	臘
lét	烈	𥉬	𥆁	𦤭
lê	梨	棃	犂	犁	瓈	璃	蔾	藜	黎
lên	𨖲	蓮	𨕭	𨑗
lênh	令	冷	泠	灵	舲	靈	零	齡	龄
lêu	撩
lì	利	離
lìa	詈	里	離
lìm	𠿳
lình	令	昤	靈
lí	俚	哩	娌	履	李	理	裡	裏	邐	逦	里	鋰	锂	鱺	鯉	鲤	鲡
lính	𪜯	𠔦	另	領
lít	列
líu	了	𠮩
lò	爐	炉
lòi	𡋃	㩡	𢬗	𤢿	𤢗	𤞖	磊	𦇒	耒
lòm	濫	𧹫
lòn	𫐮	論	𨅽
lòng	𪫵	弄	𢚸	𢙱
ló	𣋼	𥌧	露
lóc	𡂎	𠯿	淥	膔
lói	𤑭	𤈞
lóm	覧
lóng	弄
lóp	㕸
lót	律	捽
lô	泸	卢	栌	瀘	爐	炉	盧	蘆	轤	轳	鑪	鸬
lôi	擂	㵢	𨆢	鐳	镭	雷	𪆼
lôn	侖	崙
lông	𫅮	𫅲	𣭜	𥪝	𦒮
lõ	魯
lõi	𣑳	㰁
lõm	𪷃	𤃢
lõng	𨁦	隴	𨻫
lù	瀘
lùa	摟	搂
lùi	𤑭	𤈞	𨇒	𨀤
lùm	啉	林	𦼚	菻
lùn	𪿏	倫
lùng	嚨	𠺠	憹	𣼰	蘢	𨓡
lú	屢	屡	縷	缕
lúa	穭
lúc	六	𣅶
lúi	㩡	𢬗	𩽊
lúm	𡄁	廪	廩
lún	𠗣	巽	潠	淪	頓
lúng	𠺠	隴	𨻫	龍
lút	𣹕
lý	俚	哩	娌	李	理	里
lăm	𠄻	啉	林
lăn	凌	𡑝	撛	漣	轔	輘	遴	鄰	陵
lăng	凌	塄	堎	崚	愣	朗	棱	楞	浪	淩	睖	稜	稜	綾	绫	菱	薐	䗀	陵	鯪
lĩnh	嶺	彾	𦆺	領	领
lũ	僂	偻	婁	娄	屢	屨	屡	屦	溇	漊	瘻	盧	縷	缕	褸	褛
lũm	廪	廩
lũn	侖
lũng	壟	壠	𡏡	垄	攏	拢	隴	陇
lũy	摞
lơ	𪭃	嚧	𠰷	曥	盧	閭
lơi	來	来	淶
lơn	𪢌	囒	欄	讕
lư	𫙔	卢	嚧	廬	庐	攎	捋	曥	櫚	瀘	爐	炉	盧	矑	籚	蘆	芦	鑪	閭	闾	閭	颅	顱	驢	鱸	鲈	鸕	鸬
lưng	𠦻	𦡟	𦝄	𨉞
lưu	劉	刘	旈	流	瀏	浏	溜	熘	琉	留	硫	蹓	鏐	鎦	镏	鎏	餾	馏	騮	鷚	鹨	鶹	鹠
lươm	襤
lươn	𧐖	鱔	鰱
lương	凉	梁	樑	涼	糧	粮	粱	良	踉
lưới	䋥
lướt	𪩤	列	掠	挒	洌	淬	烈	辣	迾
lười	倈	唻	𢜞	懶
lường	量
lưỡi	吏	𥚇	𦧜
lưỡng	两	倆	俩	兩	辆	輛
lược	撂	掠	略	畧	𥳂
lượi	𣳪
lượm	𢹦	歛
lượn	𫅤	扙	灡	𦑅
lượng	亮	喨	晾	緉	諒	谅	量
lượt	𦃾	𧙷	辣
lạ	吕	罗	邏	𨓐	𨔍	逻
lạc	咯	㦡	乐	樂	濼	洛	烙	犖	落	荦	貉	跞	鉻	雒	駱	鴼
lạch	瀝	𤃝	㴖
lại	又	吏	𠻇	徠	癩	癞	籁	籟	賴	赖	赉	賚
lạm	濫	滥	爁
lạn	爛	烂
lạng	两	倆	兩	唡	啢	諒	魎
lạnh	冷	㳥	𨗺
lạo	勞	嘮	嘹	唠	撈	潦	涝	澇	繚	耢	耮	劳
lạp	剌	啦	垃	拉	旯	爉	獵	猎	笠	粒	臘	臈	腊	蠟	𤟰	蜡	躐	邋	鑞	镴	鞡	鬣
lạt	𪢘	剌	喇	𤁕	瘌	笿	𥶁	茖	蝲	辣
lạu	漏
lạy	𢯦	禮	𥚄	礼
lả	𪫦	呂	扡	把
lải	唻
lảm	𠼖	啉
lảng	朗	浪	𨃹	𨅉	郎
lảnh	冷	領
lảo	㧯	𢭂	老
lảu	老	𦕳
lảy	攭	𢹿	𢬦	𢯦	𥙒
lấc	勒
lấm	𡒄	壈	𡍚	淋	𤃢	霖
lấn	𪡍	吝	𢭹	粦	論	遴
lấng	𨃹
lấp	垃	拉
lất	勒	㗚
lấy	禮	𥙩	礼
lầm	𪾭	啉	𡍚	惏	懔	懍	林	瀶	淋
lần	吝	寅	𨁮	路
lầu	樓
lầy	𣱽	𤀛	漓	洡	淶	癩
lẩm	啉	廩
lẩn	吝	論
lẩu	𪶾	老
lẩy	𫌖	𢬦	𢹿	禮	礼
lẫm	𫏠	凜	凛	𡒄	壈	廩	廪	懔	懍	檁	檩
lẫn	吝	悋	磊	耒
lẫy	𡅏	𠲥	𢙔	𢹿	𢬦	禮	礼	𡅐
lận	吝	恡	藺	蔺	遴
lập	㕸	𤇥	立	立
lật	凓	勒	慄	慄	搮	栗	篥
lậu	漏	瘺	鏤	镂	𨩐	陋
lậy	𥛉	𥚄
lắc	刻	勒	𢳝
lắm	𪥀	𪩦	𡗋	夦	廩	廪	禀	稟
lắng	𫆍	啷	𠻴	𢠯	𣼽	𦗏
lắp	㕸	垃	擸	拉
lắt	搮
lằm	啉
lằn	𤶾	䗲	𧋻
lằng	䗀
lẳm	緊	紧
lẳn	𢭹	𣵰	𣍵
lẳng	㖫	𢭗	朗
lẵng	筤
lặc	𫃶	勒	肋	胳	鰳	鳓
lặm	濫
lặn	𣵰
lặng	朗	𣵰	浪	洛	𣼽
lặp	㕸
lặt	什	搮	抇	栗	𣙬	𤁕
lẹ	𫑐	勵	厲
lẹm	歛	鐮
lẹn	練
lẹo	𡡅	瞭
lẹp	笠	躐	鱲
lẹt	劣	劣	烈	𦤭	𨃻
lẻ	禮	𥛭	礼	𥙪	𥘶
lẻm	歛
lẻn	𢤠	聯	𨇍	躒	輦
lẻng	灵	玲	靈
lẻo	𠖭	嘹	𣱾	潦	𧾿
lẽ	理	𥛭	𥙪	𨤧
lẽn	𢤠
lẽo	𪞠	了	𠖭	尞	料	𣱾	瞭	老
lếch	歷	𤃝	癧	𤻤
lết	烈	𨃻
lếu	了	𠮩	老
lề	𠅜	例	𨦙
lềnh	泠	苓
lều	寮	簝	𦼔	𦫼
lể	例	𡅏	𠲥	禮	𥙧	礼
lểnh	泠	領
lểu	𫘵	了	疗
lễ	禮	礼	醴	鱧	鳢
lễnh	領
lệ	丽	儷	俪	例	勵	厲	励	厉	唳	戾	棣	泪	淚	癧	𤻤	癘	疠	疬	礪	砺	茘	隸	隷	隶	麗	麐
lệch	𪯯	列	历	𣄬	歷
lệnh	令	令	怜	鈴	鴒	鸰
lệt	𨃻
lỉnh	領
lị	痢	蠣	蛎	詈	鬁
lịa	里
lịch	厤	历	嚦	曆	栃	櫪	栎	櫟	歷	瀝	𤃝	沥	礫	砾	藶	跞	轹	靂	雳	𩽏
lịm	殮
lịn	𫇖
lịnh	令
lịt	列
lịu	𠮩
lọ	𤮗	路
lọc	𡂎	𤀓	濾	𤀼	漉	淥
lọi	𤑭	𤈞	磊	𥑶	耒
lọm	𥍍	𦡶
lọn	𠓹	窿	論
lọng	𠑋	𢃈	挵
lọp	垃	拉
lọt	律	𢯰	津	突
lỏi	𣢹	𨇒
lỏm	𠼗	𦗝
lỏn	侖
lỏng	哢	𢙱	挵	㳥	𣿅	𨆞	𨁦	龍
lố	𥌧	露
lốc	祿
lối	𠱤	𡓃	磊	𨇒
lốm	𤒢	爁
lốn	侖	論
lốp	𡂏	獵
lốt	𪻃	𫉡	葎	𧙻
lồ	路	露
lồi	𡋃	洡	𥅦	眭	耒
lồm	𨃎	𨂕
lồn	𦟹	𧐩
lồng	𪱨	弄	𢲣	櫳	篭	籠	躘	𨃸
lổm	監
lổn	侖
lổng	挵
lỗ	嚕	𡓇	擼	擄	撸	掳	櫓	橹	滷	𥩍	𥶇	舻	艫	艣	艪	虜	虏	𨋤	鑥	镥	魯	鲁	𪁇	鹵	卤
lỗi	儡	磊	纇	耒	蕾	酹	颣
lộ	賂	赂	路	酪	露	鷺	鹭
lộc	六	漉	碌	碌	祿	禄	𦬩	轆	辘	麓	鹿
lội	𤂬	洡	耒	𨇒	𨀤
lộm	濫
lộn	𪵅	孵	論
lộng	弄	㳥	衖
lộp	獵	𨀎
lột	𢯰	𧎛
lớ	呂	捛
lớn	𪩥	吝	𡚚	𡘯	𢀲	𢀬	懶
lớp	垃	拉	泣	立	笠	苙
lớt	乙
lờ	盧	矑	籚
lời	𫜗	𠅜	俐	利	唎	𠳒	𡗶	𢈱
lờn	㦦	灡
lở	𪡉	呂	𡋿	𥓅	𨹬
lởi	禮	礼
lởm	𥗽	覧
lỡ	呂	女	㛎	𢙲
lỡi	禮	礼
lợ	卢	慮	盧
lợi	俐	利	蜊	蛎	𪘌
lợm	濫
lợn	𤞼
lợp	拉	笠	苙
lợt	𤁕
lụ	僂	偻	𦓉
lụa	𫃵	𫄄	𫄉	𫄎	縷
lục	𪦸	僇	六	戮	氯	录	磟	碌	𥭼	籙	綠	绿	録	陸	陆
lụi	𣑳	㰁	𥟹
lụm	倫	侖	濫
lụn	侖	論
lụng	弄
lụp	㡴	立	立	笠	雴
lụt	六	𣹕	湥	津
lủ	婁	娄	褛
lủi	累	𨇒	𨀤
lủm	𡄁
lủn	侖
lủng	𥨋	隴	𨻫
lứa	𪪏	侶	盧
lứng	朗
lứt	栗
lừ	𪽮	𪾦	盧	矑	籚	閭
lừa	𫊮	嚧	𡃖	𢗼	𢥈	驢	騾	馭
lừng	凌	㖫	𤊥
lử	㔧	𠢬	呂
lửa	焒
lửng	𣼽	𨅉
lữ	侶	侣	吕	呂	旅	梠	膂	鋁	閭
lữa	呂	焒
lững	朗	𣼽	𨅉	𨀊
lự	𢥈	慮	虑	濾	滤	臚	胪
lựa	𡃖	攄	攎	捛	蘆	路
lực	力
lựng	掠	朗	𩡜
lựu	榴	溜	瘤	霤
lỵ	痢
ma	么	吗	嗎	嘛	嬷	媽	妈	摩	磨	蘑	蔴	魔	麽	麻
mai	𪰹	𫂚	𠶣	槑	埋	媒	𢲪	𣈕	枚	梅	楳	煤	玫	玟	𨨦	霾	霉	黴
man	埋	曼	漫	熳	瞞	瞒	芒	蔓	蠻	蛮	謾	谩	鏝	镘	颟	顢	饅	馒	鰻	鳗
mang	忙	恾	杧	𤛘	牤	𧋽	𤞽	𦛿	芒	蟒	邙
manh	氓	甿	瞑	盲	𥯋	萌	蝱	蛮	虻
mao	旄	毛	氂	酕	牦	瑁	茅	茆	髦
mau	𫐿	𫑋	毛	𣭻	䋃	𨖧
may	𪝅	𫃷	𫋿	𡮋	𢆪	幸	枚	𢆨	𦄆	𦁼	𧛉
me	咩	楣	湄	𤚤	迷
mem	𣼺
men	綿
meo	猫	苗
mi	𠋥	劘	嵋	縻	楣	湄	眉	糜	𧃲	鎇	镅	靡	鶥
min	㒙	綿
minh	冥	鳴	鸣	暝	明	溟	盟	瞑	茗	𨠲	酩	銘	铭
miên	宀	棉	沔	眠	綿	糹	纟	緜	绵
miêng	明
miêu	喵	描	猫	瞄	𦏒	苗	蝥	貓	錨	锚	鶓	鹋
miến	湎	糆	緬	缅	面	靣	麵	麪
miếng	𠷦	𠰳	唤	𠰘	𨬋
miết	瞥	篾	蔑	鱉
miếu	廟	庙	眇
miền	沔
miều	𦏒
miểng	𨬋
miểu	杪	渺	淼	秒
miễn	免	勉	㛟	鮸
miễu	廟	庙	眇
miện	丏	冕	沔	眄
miệng	𠰘
miệt	𡌀	㩢	𣋻	櫗	篾	蔑	蠛	袜	襪	𨡊
mo	模	𥷺	謨
moi	娒	枚	梅	𧋟
mon	們	𤷱	門	门
mong	懞	矇	蒙
mu	模
mua	𢱖	模	謨	𧷸
mui	梅	𥯍	𥴘	𦩚
mun	椚
mung	𥵿
muá	姥	𢷵	摹	𢱖
muôi	枚
muôn	𫔬	万	萬	𨷈
muông	𤡌	獴
muối	𫜈	㙁	酶	𪉥
muốn	悶	㦖
muống	夢	蕄	𧅭	𧃶	蒙
muồi	枚	煤	迷
muồng	椚	檬	菛
muổng	𨮵
muỗi	𧋟
muỗm	檬	𨮵
muỗng	𢳠	𨮵
muội	妹	昧	㶬	眛
muộn	闷	悶	懣	懑	㦖	晚	焖	燜
mà	𣻕	罵	𦓡	麻
mài	𪿥	埋	𢲪	磨	𥕄	𥓄	𦷯	詸	迷
màn	幔	幪	蔓
màng	𠴏	恾	忙	𦛿	芒	𩓜
mành	𫄁	𥯋	艋	萌
mào	冒	㧌	毛	𣭰	牟	𦙤	芼	𩿘
màu	牟
mày	𪵟	𠋥	𡮠	眉
má	傌	媽	𥡗	𦟐	䔍
mác	博	𢨃	漠	鏌	鉳
mách	𠼽
mái	𠃅	㜥	枚	梅	買
mán	蠻
máng	𢳠	𣙷	漫
mánh	𥯋	茗	萌
máo	𠰭
mát	𫖼	𠖾	沫	𧉿
máu	昴	泖	𧖱
máy	𢵯	𣛠
mâm	𪾝	𣙺	盤	鎫
mân	𢺳	抿	旻	玫	玟	珉	緍	缗	䋋	蚊	閩	闽
mâng	𤶼
mâu	侔	哞	牟	眸	矛	蟊	蛑
mây	𫂗	梅	𥷻	𩅹	𩄲
mã	𫘖	咩	媽	獁	犸	瑪	玛	码	碼	𦄀	螞	蚂	馬	马
mãi	买	蕒	荬	買
mãn	滿	满	螨	蟎
mãng	杧	蟒
mãnh	𫙍	猛	皿	艋	蜢	錳	黽	黾
mão	卯	帽	昴	鉚	铆
mè	楣	米	䱊
mèm	𠻦	𣼺
mèn	𧓭
mèo	猫	貓
mé	𫎚	𠃅	𠩕	𠸍
méc	𠼽	陌
mém	免	貶
mén	緬
méo	卯	𠰭	廟
mép	𠵐	𠵽	𠰏	𦝌
mét	𠼽
mê	謎	詸	迷	麋
mên	綿
mênh	冥	明	溟	𣷠
mì	𫗗	眉	麵	麪
mìn	𪦓	𡡆
mình	命	𠵴	𨉟	𨉓
mí	睸	𥈢	𦝺
mía	𣖙
mích	覓	觅	覔
mím	𪢃	𠻦	嘜
míp	𦚖
mít	櫗	蔑
mò	摸	摹	𢱖	暮	𤇦	蟆	䗋
mòi	𠳨	𩸳	䱕
mòm	𥊙
mòn	𤷱
mòng	𪩨	夢	濛	蒙	蠓	䴌
mó	𪮍	摸	𢱓	𢱖
móc	𢪮	木	沐	鈢	霂	雬
mói	挴	𢱖	𢪛	枚	梅	鋂
móm	𠻦
món	們	𦁺	菛	門
móng	𡒯	幪	𤔻	𤔽	矇	𧅭	蠓	𨮵
móp	𢴓	𦚖
mót	懱	㩢
mô	墓	摸	摹	橅	模	無	膜	蟆	謨	谟	饝	饃	馍	麽
môi	𠿃	𠶣	媒	梅	煤	酶
môm	檬
môn	们	們	扪	捫	菛	钔	鍆	門	门
mông	曚	朦	檬	濛	獴	矇	艨	蒙	蠓	蝱	虻
mõ	𫂋	楳
mõm	𤎑
mù	𪾤	模	瞙	霧	𩂟	𩹮
mùa	務	务
mùi	味	未	瑁	苿
mùn	𡍜	椚
mùng	幪	曚	𦆟	𧅭
mú	𩹮
múa	𪮍	務	𢱓
múc	𢬐	𢪷	沐
múi	梅	𤗆	䋦	𧋟
múp	柉
mút	嚜	𡃙
măn	𪮳
măng	𣒣	𥭶	𥭎	笀	𦀴	𩷶
mĩ	美	鎂	镁
mĩm	𠲶
mũ	𢃱	帽
mũi	㙁	鎇	鋂	𪖫
mũm	𦟣
mơ	𢠩	𣊍	𣙪	𤎎	𥊚	迷	麻
mơi	𠶣
mơn	暪	蔓	蠻
mưa	湄	𩄎	𩅹
mưng	冥	芒
mưu	牟	謀	谋
mươi	𪜚	𨒒	𨑮
mương	𤃞	邙
mướn	僈	𠼦	𢩤
mướp	柉	𦲾
mướt	𠖾	沫
mười	𨒒	邁	𨑮	迈
mường	𠴏	𡙧	忙	恾	𤞽	芒
mưỡu	𫗻	廟	庙
mượn	𠼦	摱
mượt	末	沫
mạ	𫓟	嗎	骂	𥢂	𥡗	罵	𨬈	鎷
mạc	幕	模	漠	瘼	貘	邈	鏌
mạch	眽	脉	脈	衇	覓	覔	陌	霡	驀	麥	麦
mại	劢	卖	蠆	萬	賣	邁	迈
mạn	𫇞	僈	偭	墁	嫚	幔	慢	漫	蔓	謾
mạng	𠇮	命	𦁸	𦀴	𦛿
mạnh	命	孟	猛
mạo	冒	媢	帽	瑁	皃	眊	耄	貌
mạp	乏	䏜	𦚖
mạt	抹	末	沫	秣	茉	𧉿
mạy	買
mả	𡏢
mải	賣	買
mảng	𠻵	皿	𥮎
mảnh	𤗖	皿	𥕊	𥯋	萌
mảy	𡮳	𡮨	𡮔	買
mấm	𥢄
mấn	緍
mấp	乏	抸	柉
mất	𪶟	𠅼	𠅍	𠅎	𠅒	密	末	秩	突	蜜
mấu	矛
mấy	免	某	貝	買
mầm	𪴉	𣙺	𦹰
mần	𪡯	摱	琘	珉	緍
mầu	侔	牟
mầy	眉
mẩm	𢠧
mẩn	𢠨	敏
mẩu	畝
mẩy	𪹏	𫋿	𦝺	𨊋
mẫm	𦟨
mẫn	愍	憫	悯	敏	泯	鰵
mẫu	卯	姆	拇	母	𤙩	牡	亩	畝
mậm	𣙺
mận	𪴏	槾
mập	乏	𥄫	𦚖	䏜	𩶟
mật	密	宓	蜜	謐	谧
mậu	冇	懋	戊	楙	瞀	繆	缪	茂	荗	袤	謬	谬	貿	贸
mắc	𫄓	黓	縸	𦄿	默
mắm	𫑾	𩷠	𪊅
mắn	𪪉	慢	敏
mắng	𠻵	嗎	罵	駡
mắt	𪾺	𥉴	眜
mằn	漫	𪉽
mẳn	漫
mặc	嚜	墨	䘃	默
mặm	𩷠
mặn	𠼦	墁	漫	𨢥	𪉽
mặng	𪴞
mặp	乏
mặt	𫆴	𫖀	末	牧	𩈘
mẹ	媄	母
mẹo	冒	卯
mẹp	泛
mẹt	𥬎
mẻ	𫖿	𠝫	𠸍	𢱒	𥖺	𥻙	美
mẻo	卯
mẽ	𠸍	瑪
mế	迷
mếch	𠼽
mến	免	勉	唤	𢚽	𢗔
mết	末
mếu	喵
mề	𫆿	𦟂
mềm	𣠳	𣟮	𥎁	𩞝
mền	𢅧	綿
mể	𫆭
mễ	咪	眯	米	敉
mễm	免
mễn	勉
mệ	媄
mệnh	𠇮	命
mệt	𫉼	末	疲	累	蔑
mỉ	美
mỉa	𠸍	嗎
mỉm	𠽊	𠻦	嘜	𠲶
mỉnh	酩	𨠲
mị	媚	寐	獼	猕	靡	魅	鬽	黴
mịch	冖	寞	汨	纟	糹	覓	觅	覔
mịn	冕	勉	皿
mịnh	命
mịt	𣋻	櫗	𩆪
mọ	摸	模
mọc	𠚐	㕲	木	𦙣
mọi	每	𤞦
mọn	𡮮	𡮆	㥃	𨳒
mọng	夢	濛
mọp	䏜	𦚖	𨅂
mọt	蠛	𧋶
mỏ	𪤘	𫄼	㖼	𡎡	𡮘	𨪀
mỏi	痗
mỏng	𤘁	𤺯	蒙
mốc	𡉿	木	沐
mối	媒	䋦	𧋟	䱕
mống	𠓔	夢	䑅	蠓	靀	霓
mốt	𣋻	没	蔑
mồ	墓	慕	戊	𣳡	𤑮	炐	𤇦	蒲	菩
mồi	𠻽	喟	味	𠶣	媒	某	烸	瑁	䋦	蝐	𩜫	𩝇	𩛸
mồm	𠵘	𠻦
mồn	𠬠
mồng	夢	曚	朦
mổ	𠝼	剖	㖼
mỗ	𪲣	姥	某
mỗi	每	浼
mỗng	矇
mộ	募	墓	慕	暮	縸
mộc	木	沐
mội	昧
mộng	夢	懵	𣟃	梦	䑅	瞢
một	𠬠	殁	没
mớ	嗎	𢲫	𧜗
mới	𪦲	𡤓	某	㵋	貝	買
mớm	𠰏	𠻦
mớn	漫	滿	蔓
mờ	𢠩	𤎎	𥊚
mời	𫐹	𠶆	𠸼	邁
mở	𫘑	𢲫	馬
mởn	𠽊	滿	蔓
mỡ	𦟐
mợ	媽
mợi	賣
mụ	𠋦	媒	姥	媽	妈
mục	木	牧	目	睦	穆	苜	鉬	钼
mụn	闷	悶	𤺯
mụp	𦚖
mụt	𫆲	𤶽	目
mủ	湈
mủi	𪬶	𢙽	悔	每
mủn	鍆
mủng	𫂝
mứa	嗎	馬
mức	墨	𣞪
mứt	蜜
mừa	𪫆
mừng	𪢣	𢜏	𢜠	明
mửa	嗎
mựa	嗎	罵	駡	馬
mực	墨	䘃
na	𪿣	儺	哪	娜	挪	梛	𦰡	那
nai	坭	抳	狔
nam	南	喃	楠	枏	柟	男
nan	𥸁	䕼	難	难
nang	𪹰	囔	囊	攮	齉
nanh	𪺖	𫜧	𤘓	獰	狞	𧰗
nao	孬	呶	怓	猱	鐃	鬧
nau	耨
naị	耐
ne	尔
nem	𦟗	腩
nen	揇	𢬧	𣑻	𦮴
neo	𪲍
nga	俄	哦	娥	峨	牙	玡	蛾	鋨	锇	餓	饿	鵝	鹅
ngai	凱	呆	獃	皚	皑
ngan	岸	狺	𪇩	鴳	𪃛
ngang	卬	昂
ngao	厫	嗷	嘵	廒	敖	爊	熬	獒	聱	螯	遨	鰲
ngau	𠽀
ngay	𣦍
nghe	儀	宜	𦖑
nghi	仪	儀	宜	𡹠	疑	霓
nghinh	迎
nghiêm	严	嚴
nghiên	妍	姸	研	硯	硏
nghiêng	迎
nghiêu	尧	堯	磽	蹺	蹻	跷
nghiến	哯	喭	哏	𧢟
nghiền	硯	研
nghiễm	儼	俨	广
nghiễn	唁	峴	岘	硯	砚	趼
nghiệm	驗	验	騐
nghiện	喭	𢞆	研	讞	谳
nghiệp	业	業
nghiệt	孽	臬	蘖
nghách	𠸺	額
nghè	𠑢	儀	𠊙	𠊁
nghèo	𫊐	𠨪	嶢	嶤	𧹅
nghé	犠	𢲾	猊	𥊘	𥇚	霓	麑
nghén	𪦎	𦞎	䏹
nghéo	鱙
nghét	孽	𡾤
nghê	倪	兒	唲	猊	霓	鯢	鲵	麑
nghênh	𠶐	迎
nghêu	僥	嘵	蟯
nghì	儗	儀	義
nghìn	𠦳
nghía	𥊘	𥇚
nghĩ	𪫢	儗	𠉝	𢣂	擬	𢪀	拟	議
nghĩa	义	義
nghạch	𡏤	逆	額	额
nghẹn	喭	哽
nghẹo	𫗺	僥	敖	邵
nghẹt	孽	𥗹	蘖
nghẻo	堯
nghẽn	硯
nghế	藝	芸
nghếch	逆
nghến	嵃
nghề	藝	芸
nghều	蹺
nghển	𠶐
nghểnh	𠶐	𨓑	迎
nghễ	𢣂	睨	艾
nghễn	𠶐
nghễnh	𠶐
nghễu	僥	堯
nghệ	乂	囈	呓	羿	艺	藝	艾	芸	讛	詣	诣
nghệch	𪭄	逆	額
nghệt	臬	蘖
nghệu	傲	僥
nghỉ	儗	儀	𠉝	擬	𢪀	持	拧
nghỉn	喭
nghỉnh	頸
nghị	劓	毅	蟻	螘	蚁	議	议	誼	谊	踦
nghịch	逆
nghịt	孽	𥗹	𪓈
ngo	吾	吳
ngoa	吪	囮	瓦	譌	訛	𧧀	讹	鞾	靴
ngoai	𠱓
ngoan	𠺿	頑	顽
ngoao	嗷
ngoay	危	𢫑
ngoe	危	𡳀
ngoen	𠰂	𠺿
ngoeo	嘵
ngoi	𢶼	𤀖	𣳢
ngom	𥍛
ngon	唁
ngong	隅
ngoài	外
ngoàm	𠴥	含	緘
ngoác	嚯
ngoái	𫑑	外	𢫑
ngoáo	奡
ngoáy	𢫑	𨀑
ngoã	瓦
ngoãn	阮	頑
ngoèo	𣍕
ngoé	𧓯	蛫
ngoéo	撓	𣩦
ngoét	㳉
ngoạ	卧	臥
ngoạc	㩇
ngoạch	㩇
ngoại	外
ngoạm	𠶃	𠻪	嘬
ngoạn	𠻪	玩
ngoạt	月
ngoả	訛
ngoải	外
ngoảm	噉
ngoảng	𫊶
ngoảnh	景	𥋓
ngoảy	𪩜	𢠪	𢫑
ngoắc	𢫛
ngoắt	抈
ngoằng	弘
ngoặc	𢫛
ngoặt	𣌴
ngoẹo	卲	𨇷
ngoẻn	𠴉
ngoẻo	𣩦
ngu	俣	娛	娱	愚	髃
ngung	喁	禺	隅	顒
nguy	危	嵬	巍
nguyên	元	原	源	黿	鼋	芫	螈
nguyền	愿	願
nguyễn	䏓	阮
nguyện	愿	願
nguyệt	刖	月	跀
nguây	恑
nguôi	𠿯	𢢯
nguýt	𥊜
nguấy	𢫑
nguầy	危
nguậy	外
nguệch	𠸺	廓
nguịch	𠸺
nguồn	源
nguội	𪤸	𪸟	𣳢
nguỳ	危
nguỵ	僞	偽	伪	魏	詭	诡
nguỷu	嘵
ngà	𤘋	牙	玡
ngài	𪝯	𠊚	𠊛	𧍋	蛾
ngàm	嚴	𤅙
ngàn	𠦳	岸	彦
ngàng	卬	昂
ngành	梗	行
ngào	𪵧	𫘀	嗷	敖
ngàu	𣼱	𤙮
ngày	𣈗	𣈜
ngác	𥈭
ngách	𠸺	頟
ngái	𥇹	礙	碍
ngán	𠵚	喭	𢞆	𢱘	阮
ngáng	𢱘	昂	梗
ngánh	梗
ngáo	傲	奡
ngáp	哈
ngát	兀	𠯪	吃	咯
ngáu	𠽀
ngáy	𠿴	哎	𠵨	嘅	𥋹	碍
ngâm	吟
ngân	垠	狺	痕	跟	銀	银	龈
ngâu	𫉎	牛	䒜
ngây	癡	𤷙
ngã	我
ngãi	刈	呆	騃
ngãng	仰	昂
ngão	傲
ngò	𦬶
ngòi	𣰏	𣳢	𤀖	𤐜
ngòm	𥆽
ngòng	𨲖
ngó	𥄭	藕	𦬶
ngóc	𫗷	呆
ngói	𤮞	𤬲	𤬪	瓦	𪇋
ngón	𪮀	𫆻	𢴝	𢭫	抏	阮
ngóng	𪱮	𥍎	𥈿	顒
ngót	𦬂	𨓢
ngô	吳	吘	吾	悞	梧	𥟊	鼯
ngôi	嵬	桅
ngôn	言	讠
ngông	喁
ngõ	午	吘	𡉦	牛	𨳱
ngõi	𠺌	嵬
ngõng	𣕃	顒
ngù	𣮇
ngùi	𠿯	嵬	𢢯
ngùn	源	𤍉
ngùng	𪿹	㥥	𢢄	𨲖	顒
ngúc	局	𣍀
ngún	𪲭	𤉘	𤍉
ngúng	𪽹	愩
ngút	兀	𡵉	𣲍	𤈡	𩂁
ngăm	吟	𪑑
ngăn	𪭳	吟	垠	拫	艮	銀
ngũ	五	伍
ngơ	𢠐	𤹿	魚
ngơi	𪟽	儀	宜	𢥷	疑
ngơm	𥄯
ngơn	妍
ngư	漁	渔	䱷	魚	鱼
ngưa	痒
ngưng	凝
ngưu	牛	牜	⺧
ngươi	𤽗	𥇹
ngước	㖸	𥈴	虐
người	𠊛	倘	𠊚
ngưỡng	仰
ngược	瘧	疟	虐	逆
ngượng	强	強	忸	𢞆
ngạ	餓	饿
ngạc	噩	愕	腭	萼	諤	鄂	鍔	锷	顎	鱷	鰐	鳄	鶚	鹗	齶
ngạch	𡏤	額
ngại	𪿒	礙	磑	碍	碨
ngạn	唁	岸	彦	諺	谚
ngạnh	哽	更	梗	硬	骾	鯁	鲠
ngạo	傲	奡	驁
ngạt	歹
ngả	我
ngải	戤	艾
ngảnh	𫖧	撔	景	𥋓	迎
ngảu	𢠉
ngấc	扢
ngấm	汵	𣵴	澿
ngấn	垠	痕	艮	跟
ngấp	岌	𥈲	𥄫
ngất	𪨣	仡	𡴯	屹	𡴭	岌	扢	𤴰	疙	䇄	𩁶
ngấu	𠽀	𣽀
ngấy	嘅	𢣀
ngầm	沉	沈	硶	砛
ngần	垠	痕	艮	銀
ngầu	𠿄	𣼱	𤙮
ngẩm	唫	吟
ngẩn	坦	慬	痕	艮	菫	謹	銀	靳
ngẩng	仰
ngẩu	偶	𢠉
ngẫm	𡄎	噤	吟	唫	錦
ngẫng	仰
ngẫu	偶	耦	藕
ngậm	𫕖	噤	吟	唅	含	唫
ngận	很	狠
ngập	𠲺	圾	岌	汲	𣵵
ngật	吃	喫	圪	屹	𡴯	汔	疙	䇄	訖	迄
ngậu	偶	𠿄
ngậy	𡅷	嘅
ngắc	㗁	愕	硌	𦝈
ngắm	吟	𥋴
ngắn	短	艮
ngắt	𪞧	𠖯	𡴯	屹	扢	𢴑	𢪰
ngằm	沉
ngằn	痕
ngẳng	仰
ngẵng	仰
ngặt	𪽨	吃	𡴯	歹
ngọ	午	牛
ngọc	玉	⺩	鈺
ngọng	𡅒	𡅑	哄	顒
ngọt	𠮾	𤮾
ngỏ	𫔦	午	吘	杵	牛	許
ngỏm	𥆽
ngỏn	言
ngỏng	顒
ngố	呆	悞
ngốc	呆	秃
ngốn	𠻂
ngốt	軏
ngồi	𡓮	𡎢	𡎥	坐
ngồm	巖
ngồn	言
ngồng	茂
ngổ	𪞻	吘	𦷮	𦬶
ngổm	巖
ngổn	𪤍	滾	滚	艮	衮	言
ngổng	𡺥	𪃍	鵝
ngỗ	𪞸	忤	迕
ngỗng	鵝
ngộ	寤	悟	悞	晤	焐	牾	痦	誤	误	遇
ngộc	𣔣
ngội	傀
ngộn	𠻂	言
ngột	兀	杌	軏	靰
ngớ	𠽐	𡂂	𢠐	魚
ngớn	𢞆	覘
ngớp	哈	𢚼	𥆹
ngớt	𣲠
ngờ	疑	𩼨	𩵿
ngời	𤊢
ngờm	岌
ngỡ	𡂂	語
ngợ	御	語
ngợi	𡅷	𠿿	議
ngợm	吟	𤼔
ngợp	岌
ngụ	喁	寓	庽
ngục	獄
ngụm	喁
ngụp	𩓛
ngụt	𣲍	𤍉	𤈡	𩂁
ngủ	𪟳	𪿀	𥄭	㬳
ngủi	𥐋
ngủm	喁
ngủn	𥐐	言
ngủng	𢥶
ngứa	癢	𤻭	𤻔	語
ngừ	御	𣊘	𩼨	𩵿	魚
ngừa	御	𢳶	禦	馭
ngừng	凝
ngửa	𠑕	語
ngửi	𠿿	哎	義	𪖭
ngửng	仰
ngữ	圉	圄	語	语	龉
ngự	御	禦	馭	驭
ngựa	馭
ngực	𦞐	𦙏
nha	丫	伢	呀	椏	桠	牙	芽	衙	鵶	鴉	鸦
nhai	厓	啀	崖	崕	捱	涯	睚	街
nham	巖	喦	岩	癌	碞
nhan	顔	颜
nhang	仍	香
nhanh	𪬭	伶	𨘱	𨗜	速
nhao	嘵	堯
nhau	憢	膮	胞	蹺	饒
nhay	捱
nhe	㖇
nhem	巖	岩	苫	髯
nhen	𡮫	燃	然	𤡮
nheo	嚅	𥍘	䁱	饒	𩽸	鱙
nhi	兒	儿	弍	而	鴯	鸸
nhiêm	髯
nhiên	然	燃
nhiêu	𡗉	嬈	娆	桡	橈	蕘	荛	蟯	蹺	跷	饒	饶
nhiếc	𠲔	嗌
nhiếp	燮	懾	慑	慴	攝	摄	聂	聶	躡	镊	顳	颞
nhiết	咽
nhiều	堯	𡗉	饒
nhiễm	冉	冄	染	苒	蚺
nhiễn	軟
nhiễu	擾	扰	繞	遶
nhiệm	任	冉
nhiệt	熱	热
nho	儒	伩	檽	薷	顬	颥
nhoai	惴
nhoi	堆
nhom	巖	𤷳
nhong	戎	銊
nhoà	𤍶
nhoài	愞	𨂉
nhoái	惴
nhoáng	晄
nhoè	漯	𤍶
nhoét	刷	𤷯
nhoẻn	嘫
nhu	儒	嚅	懦	揉	柔	濡	煣	穤	稬	糯	茹	薷	茄	襦	蹂	需	鞣
nhua	濡
nhum	𣐅
nhung	𠲦	戎	氄	毧	𣭲	茸	軟	𪀚
nhuy	蕤
nhuyễn	𣼴	蠕	蝡	軟	輭	软
nhuạ	懦	濡
nhuần	潤	閏	闰
nhuận	潤	润	閏	闰
nhuế	枘	芮
nhuệ	銳	鋭	锐
nhuốc	𢟹	溽	辱
nhuốm	染	洳	𤈟
nhuộm	染
nhuỵ	蕊	蕋	蘂
nhà	伽	家	茹	茄
nhài	𣔦	桂	𦲒
nhàm	𡆑	啱	巖	岩	懢	憮
nhàn	𫔮	嫻	娴	𤺛	癇	痫	閑	閒	闲	鷴	鹇
nhàng	𪜉	𡡂	揚	樣	讓
nhành	梗
nhào	嘲	繳	𨇵
nhàu	𡆁	𠶕	𦈂	繳
nhá	𪨁	呀	𤆹
nhác	弋	𢖺	㦡	戞	戛	樂	䁻	䀩	𥇍	落	覺
nhách	呃
nhái	㖑	𧍊	𧋁	蚧
nhám	壬	𩸶
nháng	爙	𤌅	降
nhánh	梗	𦭒	頴
nháo	嚛	𠿷	㦡	遶	鬧
nháp	𡊠	甲
nhát	㦉	戞	戛	瘌
nháu	𠿷
nháy	𥅘
nhâm	任	𡆑	壬	妊	姙
nhân	仁	人	亻	儿	因	姻	氤	洇	胭	茵	銦	铟
nhâng	𠯹
nhâu	嘵
nhây	街
nhã	若	訝	讶	雅
nhãi	爾	𤛇	耳
nhãn	𣠰	𣟫	眼	韌	韧
nhãng	𢥉	講
nhão	𦇇	澆	繞
nhè	唲	㖇	提
nhèm	𣲹	濂
nhèo	𡗉
nhé	尒	𠰚	唲	𥏌
nhém	抩
nhéo	嘵	撓
nhép	入	攝	摄
nhét	折	捏	熱
nhì	二	貳
nhìn	𥌬	𥆾	𥚆
nhí	㖇	唲	𡭺	致	𦤶
nhích	滴	蹢
nhím	𤣚	𤢾	㺝	𤝫
nhín	𠴍
nhíp	攝	鑷	釟	釞
nhít	折	涅	湼
nhíu	疚	皺
nhò	𥌎
nhòm	𥍛	𥈹	𥄮	𥇷	𥆂	𥛗
nhòn	𠱜	𡴢
nhòng	𠈋	𨀻
nhó	𤻪	𥌎
nhóc	嗕	𠒯
nhói	對
nhóm	呫	𡖡	抩	爁	𤇲	𩁱
nhón	𨅄	𧿬
nhóng	𢟞
nhóp	叺
nhót	𦝬	踤
nhô	儒
nhôi	𠼲
nhôm	𠲏	銋
nhôn	尊
nhông	𠲦	𧊕	𧻗	越	𨀻
nhõi	𥅦
nhõng	冗	𠲦
nhùi	𠓩	𤒟	𤈞
nhùng	仍	冗	𠲦	𨀻
nhú	𪞺	乳	𠳘	孺	懦	葇
nhúa	濡
nhúc	嗕	𧏯	𧏷	𨃽	辱
nhúi	𠓩
nhúm	拰	𤇲
nhún	𠾽	屯	扪	橺	閏	頓
nhúng	佣	𢴞	㳚
nhút	葖
nhăm	𠄶	任	壬
nhăn	因	𤶑	𦁿	顔
nhăng	仍	江
nhĩ	佴	尔	弭	洱	爾	𤛇	珥	耳	邇	迩	鉺	铒	餌	饵
nhũ	乳
nhũn	𤇽	軟
nhũng	冗	冘	宂
nhơ	如	洳	𥆃	𥆂
nhơi	啀
nhơm	𣷰
nhơn	仁	人	因	㦓	然	𥄰
như	如	洳	茹	茄	銣
nhưng	仍	扔
nhương	嚷	攘	瓤	禳
nhướng	嚷	攘	漲
nhười	涯
nhường	攘	讓
nhưỡng	嚷	壤	攘	爙	釀	酿
nhược	偌	弱	若	蒻
nhượng	嚷	讓	让
nhạ	喏	惹	砑	迓
nhạc	嶽	岳	乐	樂
nhại	𠱌	㖠	㖑	奈
nhạn	贋	赝	雁	𪆒	𪃛	鴈
nhạnh	拎
nhạo	𠿱	嚛	道
nhạp	入
nhạt	日	溂	辣
nhạu	哣
nhạy	𠰚	𩜪
nhả	𠾒	𠽙	吔	啫	𠰹	咀
nhải	耳
nhảm	𠰃	𠲏
nhản	眼
nhảnh	穎	頴
nhảu	𡆁
nhảy	趂	趾	𧿆	䟢
nhấc	弋	掿
nhấm	𠲏	𠰃
nhấn	刃	𢭝	扨
nhấp	𠾾	岌
nhất	一	壹	弌
nhầm	任	𠰃	𢗖
nhầu	擾	投
nhầy	𠱌	徍	涯
nhẩm	任	𠲏	恁	飪	饪	餁
nhẩn	仞	𠴍	忍
nhẩu	𡅒
nhẩy	𧿆	䟢
nhẫm	荏	賃	赁
nhẫn	刃	𠴍	忍	𢭝	眼	紉	纫	軔	𨧟	釰	靭	韌	韧
nhẫy	濔
nhậm	任	恁
nhận	仞	刃	𢭝	扨	牣	認	认
nhập	入
nhật	日
nhậu	𠰉	𠻼	嚅
nhắc	噎	𠲤	弋	掿	𢲦	𢩮	𧿑
nhắm	𪾮	𠁪	𠲏	𠰃	恁	𥄮
nhắn	𠴍
nhắng	𠯹	𡦮
nhắp	叺
nhắt	一	噎	𡥌	撎	𤢽
nhằm	壬	𢗖	𥆂	𥄮
nhằn	𠡛	㗴	咽	因	𤶑
nhằng	嚷	讓	𨲅
nhẳm	𫏊
nhẳn	𪪄	𠽗	牣
nhẳng	仍	𦅯	綛
nhẵn	忍	𣼴	𨧟
nhẵng	𠯹	𣼴
nhặm	任	𤶄
nhặn	𠽗
nhặng	𡃌	蠅
nhặt	𪰇	抇	日	汨
nhẹ	弍	弭	珥	貳	𨏄	鉺
nhẹm	冉	壬	染	髯
nhẹn	雁	鴈
nhẹp	入	攝	摄
nhẹt	𪷴	熱
nhẻ	兒	𠰚
nhẻm	冉	呥
nhẻo	𡅍
nhẽ	𫒂	尔	𥙧	𨤧
nhẽo	繞
nhếch	滴
nhể	擟
nhểu	沙
nhễ	濔	𥚅
nhệch	𩽏
nhện	蝒
nhỉ	𠰚
nhị	二	弍	蕊	蕋	蘂	貳
nhịn	忍
nhịp	𠿚	喋	𡑢	堞	擛	𣜿	葉
nhịt	𢤢
nhọ	孺	懦
nhọc	𠢑	𤹘	縟	辱
nhọn	𡭻	尖	𡮸	𨮐	鈍	鋭	銳
nhọt	𤷿	𦝬
nhỏ	𡮈	𤀒	瀂	㳶
nhỏm	𠽦	䀡
nhỏng	戎
nhố	𠊜	嗉
nhối	𤻫
nhốn	噋	𠾽	𥇈
nhốt	噎	𡇻	拙	箤
nhồi	𢬗	𢹉	抐
nhồm	𡃘	𠲏	𠰃	跕
nhồng	𪀚
nhổ	啂	𠰍	吐	擼	𢭵	𢯚	扗
nhổm	𨃊	跕
nhổn	呠
nhỗ	乳	魯
nhội	𤏢
nhộn	𠾽	遁	閏
nhộng	蛹	𧊊
nhột	𤷿
nhớ	𪡑	𢖵	汝
nhớn	𡙵	寅	𢙫	㦓	𢚴	𥈵	𥅃	覵
nhớp	𣱿	㳌
nhớt	𣼸
nhờ	侞	𢘾	洳
nhờn	𢡿	憪	澖	𦠯	𦠥	𨅽	𨆀
nhở	𠲤	汝
nhởi	汝
nhởm	𡆑	啱
nhởn	𣼹	眼	簡
nhỡ	女	女	㛎	洳
nhợn	㗴
nhợt	曀	濼	𣼸	𤁕	辣
nhụ	孺	懦	輮
nhụa	孺	懦	濡
nhục	溽	縟	缛	肉	蓐	褥	辱
nhụi	隊
nhụt	𢟹	𨨷	鈍
nhủ	喻	啂
nhủi	𠓩	箒
nhứ	𢬨	汝	預
nhức	𠯅	𤼕	𤴵	聀
nhứt	一	壹	弌
nhừ	予	如	𣴓	汝	洳	𤈟
nhừa	𣺾	茹
nhử	𠶁	𡁎	汝	𩚔
nhữ	汝
những	仍	忍
nhữu	糅
nhự	茹
nhựa	𣺾	澦	茹	蕷	茄
nhựt	日
ni	𪠝	伲	呢	妮	尼	怩	鈮	铌
nia	𥬩
ninh	嚀	咛	寧	甯	宁	懧	擰	拧	濘	泞	獰	狞	聹	聍
niêm	捻	拈	粘	黏
niên	囝	年	𥝝
niêu	墝	𡋁	㙩	𦉗
niếp	囁	嗫	囡
niết	圼	捻	揑	捏	涅	臬	苶	鎳	镍	隉
niềm	念	鮎	鯰
niểu	櫟	裊
niễn	撵	碾
niễng	𫈘
niễu	𡡅	嫋	裊	袅
niệm	唸	廿	念	捻	撚
niệp	捻
niệu	尿	溺
no	𪥯	奴	𩛂
noa	孥	挼
noi	𫏙	𨁡
nom	𫌢	𥈶	窞
non	嫩	𡽫	𧀒
nong	𫓒	𥵛	農
noãn	卵	暖	煖	赧
noạ	惰
noản	赧
noọng	儂
nu	𪺹	𦬻
nua	𫅴	孥	怒
nung	𡏠	𤐜	燶	熔
nuy	痿	萎
nuôi	挼	餒
nuầy	𫙖
nuối	𢗉
nuốt	𠾹	𠽆	啐	𠸂	納	訥
nuộc	𫃩	縟
nuỵ	倭	矮
nà	𪽖	拿	那
nài	𪥑	呢	㖠	奈	捺	耐
nàn	難	难
nàng	娘
nành	𫎄	𧰗
nào	闹	閙	鬧
này	呢	㖠	尼
ná	哪	弩	挪	梛	那
nác	匿	渃	𦟻
nách	腋	𦙜	𦟱
nái	奶	𤜠	𥾋	賴
nám	焾
nán	儾	曩
náo	𠴼	惱	淖	閙	鬧
nát	𢝘	揑	捏	涅	湼	𦟻
náu	搙	耨	蓐	鬧
náy	乃	怩
nâm	您
nâng	𠹌	㨢	擃	𢪲
nâu	𪲍	𣘽
nây	𫆜	胒
nã	𫑏	拿	拏	鎿	镎
nãi	乃	嬭	奶	廼	艿	迺
nãng	燙
não	惱	恼	𢙐	憹	撓	瑙	腦	脑
nãy	乃	𣅅
nè	泥
né	𫐪	你
ném	𢷁	捻	𦮴
nén	𣡤	𥗾	𥘀	𦮴	𨰴
néo	𦆚	紐
nép	𢟕	摄	納	躡
nét	涅	湼	𤵖
nê	呢	坭	尼	泥
nêm	喃	揇	𢬧	楠	𣑻	𨡯
nên	年	𢧚	揇
nêu	𪲍	標
nì	呢	尼
ních	𠺁	弱
nín	𠼶
nính	佞	濘	泞	𦡲
níp	襵
nít	𪦼	𡮛	𢝘	涅	湼
nò	笯
nòi	㐻	内	𡥤	𧞥	類
nòng	檂	𧓅
nó	奴
nóc	𡳽	箼	𦢡	蓐	𧂭
nói	内	呐	訥
nón	𥶄
nóng	燶
nóp	納	衲
nô	呶	奴	帑	駑	驽
nôi	𪰤	𪸯	挼	𣊌	枘	浽	𥱮
nôm	喃
nôn	𡁛	𡽫	𧀒	農
nông	儂	噥	哝	檂	濃	农	農
nõ	呶	弩	笯
nõn	嫩	𧀒
nùi	芮
nùng	儂	侬	嶩	憹	濃	膿
núc	𠴐	矗	耨
núi	𡶀
núm	埝	念	捻
núng	農
núp	𥧩	納
nút	𦄠	𨨷	鈕
năm	𠄼	𢆥	年
năn	𡅧	噒	𢟒	能	䕼
năng	能	菱
nũng	冗	噥	㗈	𨻫
nơ	𦀨
nơi	坭	尼
nơm	䈒
nư	哪
nưa	𪥤	𦰡
nưng	㨢	能
nươm	湳
nương	埌	孃	娘	𢭗
nước	匿	渃	著
nướng	𪹷	𣡤	𤓢
nướu	腬
nườm	湳
nường	娘
nượp	納
nạ	𫖄	𠌧	哪	娜	拿
nạc	𦟻
nạch	搦	疒	病
nại	奈	捺	柰	耐	萘
nạm	捻	腩	萏
nạn	𪻉	難	难
nạng	𣡤	㰙
nạnh	佞	懧
nạo	撓	挠	硇	𥑚	鈕	鐃	铙
nạp	納	纳	肭	衲	鈉	钠
nạt	揑	捏	涅
nạy	奈
nả	𫖂	拿	拏	那
nải	乃	奈	𢖱	㭁
nảm	蝻
nản	𢥪	赧	難
nảy	乃	扔	㭁	此	䄧	艿	運
nấc	𠽋	慝
nấm	𪳋	埝	菍	蕈
nấn	拫	振	赧
nấng	𪣾	𫆽	𫇄	㨢	𦣘	能	饢
nấp	納
nấu	𤒛	𤐛	𤍇
nấy	乃	伲	呢
nầm	納
nần	嫨	㨢	難
nầy	尼
nẩy	扔	䄧	艿
nẫm	卅	稔
nẫu	𤒛	𤊲
nẫy	扔	𣅅
nậm	𡔃	埝	稔
nậng	𠹌
nập	笠	納
nậu	耨	𧂭	鎒
nậy	捺
nắc	匿
nắm	𪫶	揇	捻
nắn	攤	赧
nắng	𪱆	曩	燙
nắp	𫒾	𠖘	䈫
nằm	𦣰
nằn	𡅧	噒
nằng	能
nẳn	𤓩
nẵng	囊	曩
nặc	匿	喏	暱	昵	諾	诺	鍩	锘
nặn	𡔃	攤	㨢
nặng	曩	𥘀	𥗾	𨤼
nẹo	裊
nẹp	𣘆	衲
nẹt	㖏
nẻ	儞	你	尔	𦕗
nẻo	𡑩	櫟	裊
nếm	唸
nến	佞	𢆭	𤓢
nếp	𫒅	𡓳	攝	摄	𥻻	襵
nết	𢝘	涅	湼
nếu	𡀮	𠮩	櫟	裊
nề	𪣮	𪿗	𫒃	伲	泥	耐
nền	𪤍	𡋂
nể	𪡇	你	尔	𢘝	𢣚	旎	泥
nễ	你
nệ	你	泥
nệm	𧛋
nện	搌	攮	𢬧
nỉ	呢	𠰚	𢘝	𥿡
nỉa	鈮
nị	膩	腻
nịch	溺	腋
nịnh	佞	檸	柠
nịu	溺
nọ	奴	怒
nọc	𣕬	槈	毒	蝳
nọi	𪧿	肭
nọn	嫩
nọng	膿
nọt	𢝘
nỏ	呶	弩
nỏn	嫩
nốc	𠴐	衄
nối	𫃤	𫃸	𫄌	𫄑	𦇒	綏	𦀼	芮	𨁡
nống	擃	濃
nốp	納
nốt	𤹽	脺	訥
nồi	内	㘨
nồm	𩄑
nồn	嫩
nồng	𪞽	濃	浓	燶	穠	秾	膿	脓	醲
nổi	浽	浮
nổng	嶩
nỗ	努	弩	𢫓
nỗi	内	𦁀	餒	馁
nộ	怒
nội	内	㘨
nộm	㑫	菍
nộn	嫩
nộp	納
nột	呐	訥	讷
nớ	女	女
nới	乃	扔
nớp	𠺶	納
nớt	涅	湼
nở	𫉅	𠴑	汝	𦬑
nỡ	女	女	𡝖	𦬑
nỡm	覧
nợ	女	女	嫧	𧴱
nụ	𦾤	𦵝	𦬻
nục	恧	朒	衄	衂	䶊
nụi	内
nủa	怒
nủng	𨆞
nứa	𪱴	梛	𥫭
nức	𠽋	慝	𢴚	涅	湼
nứng	𦣘
nứt	𢴚
nứu	糅
nửa	姅
nữ	女	女	釹	钕
nữa	女	女	姅
nữu	妞	忸	扭	抝	拗	杻	狃	紐	纽	鈕
nự	女	女
nực	𠽋	𤎐
nựng	𠹌	鄧
o	𪦭	嗚	姑	烏
oa	倭	呱	喎	咼	哇	呙	媧	娲	娃	歪	涡	洼	渦	窩	窪	窝	萵	蝸	蛙	蜗	鍋	锅
oai	喎	㖞	威	歪
oam	衫
oan	冤	寃	眢	苑	鵷	鴛	鸳
oang	咣	轟	𨋌
oanh	訇	縈	罃	萦	轟	𨋌	鶯	莺
oe	喴	呱
oeo	𪱘	腰
oi	渨	煨
om	𫇌	𫉮	喑	堷	𤋾	萻
ong	螉	蜂
oà	咼	哇	呱
oàng	咣	𠰈	轟	𨋌
oác	嚯
oách	獲	蠖
oái	𡀧	𠶔	喴	薈	荟
oán	怨	盌
oánh	瑩	莛
oát	斡	腽
oè	噦	𥖸
oé	𥖸
oạc	活
oạt	挖	穵
oải	倭	痿	矮
oản	椀	㼝	盌	碗	𥺹	腕	苑	菀
oắt	𡯀
oằn	𢫠
oặt	倔	𠴎	𡯀	掘	活
oẹ	噦	呱
oẻ	痿
pha	坡	披	玻	簸	葩	陂	頗	颇
phai	拜	派	沛
phan	幡	攀	旛	潘	番
phang	𪭫	㧍	挷	滂
phanh	姘	怦	𢴒	拼	抨	泙	烹	砰
phao	抛	拋	脬
phau	抛	𤽵
phay	㓟	𠚵	沛	𦞓	䤵	霏
phe	批	派
phen	番	藩	蕃
pheo	漂
phi	丕	剕	呸	妃	扉	披	緋	绯	紕	纰	苤	菲	蜚	鈹	霏	非	飛	飞	鯡	鲱	𩹉
phiu	膘
phiên	幡	番	䉒	繙	翻	翩	膰	藩	蕃	萹	飜
phiêu	剽	嫖	慓	漂	瞟	薸	闝	飄	飘	飃	驃	骠
phiếm	汛	氾	泛	汎
phiến	幡	扇	搧	旛	煽	片	翩	騸	骟
phiết	丿	撥	撇	苤
phiếu	嫖	摽	漂	縹	缥	臕	膘	裱	票	鏢
phiền	煩	烦	燔	繁	藩
phiện	片
phiệt	丿	栰	氕	筏	閥	阀
pho	付	副	哺	舖	鋪
phon	𪿱
phong	丰	风	封	峰	峯	楓	枫	烽	瘋	疯	葑	𧔧	蜂	豐	鋒	锋	風
phu	伕	孵	夫	孚	敷	膚	肤	趺	鈇	䴸	麩
phui	胚
phun	噴
phung	𢱚	瘋
phuối	𪡭
phà	𪸁	𡀥	𠶊	柀
phàm	凡	凣	帆	颿
phàn	吩	樊	焚	礬	釩	钒
phàng	仿	旁
phành	傍	𢴒	烹
phào	𡀥	𠴋	𠷤	抛
phá	破
phác	噗	撲	扑	朴	樸	璞	醭	鏷	镤
phách	劈	噼	擘	拍	珀	𥶱	魄
phái	派	沛	湃
phán	判	盼	襻	袢	販	贩
pháo	炮	礮	砲
pháp	法	珐	砝	𦝎
phát	发	𤼵	發	髮
pháy	沛	派	霈
phân	份	分	吩	坋	棼	氛	糞	粪	紛	纷	芬	棻	酚	雰
phây	沛
phè	𫉳	噬	㵒	淝	肥
phèn	礬	𥖎	矾	𥽢	𧀭
phèng	嗙
phèo	咆	嫖	膘
phé	㵒
phép	𪫚	𪶏	法
phét	㗶	撇	𦠱
phê	啡	批	披	砒
phên	𤗹	䉒	蕃	藩
phì	淝	肥	腓	蜰
phình	泙	萍
phí	沸	狒	費	费	鐨	镄
phía	𪰂	𠌨	費
phích	擗	癖	霹
phím	柉	泛
phính	𣍪
phò	哺	扶	附	駙	驸
phòng	妨	肪	房	防
phó	付	仆	傅	副	咐	訃	讣	赴
phóc	仆
phóng	放
phô	𪢜	哺	抪	敷	舖	鋪	铺
phôi	𠸟	呸	坯	坏	胚	配	醅
phù	俘	孚	扶	桴	枹	浮	符	芙	芣	苻	蜉	蚨	郛
phùn	噴
phùng	馮	縫	缝	蓬	逢	鳯
phú	付	富	覆	賦	赋
phúc	福	腹	蝮	輻	辐
phún	噴	喷	歕
phúng	放	諷	讽	賵	赗
phúp	乏
phút	丿	𤼵	發	筆	笔
phăm	探	法	𨮍
phăng	冰	播	氷
phĩnh	𠰳
phũ	廡	𢰺
phơ	坡	坯	披	普	苤
phơi	披	㫵	𣈓	𣆏	派	𤊫	𤊬	𤇨
phơn	坋
phưng	放	樊
phương	匚	坊	妨	方	枋	芳	鈁	钫	魴	鲂
phước	福	縛	缚
phướn	𪰃	幡	𢁸	旛	𤗹	旙
phường	坊
phưởng	昉	紡	纺
phưỡn	𦙀
phượng	凤	鳳	鳯
phạ	𪥉	怕	帕
phạch	拍	𩗀
phạm	犯	範	笵	范
phạn	梵	飯	饭
phạng	𪟀	倣	鎊
phạnh	怦
phạp	乏	姂
phạt	伐	垡	罸
phả	𪜘	叵	笸	譜	谱	鉕	钷	頗
phải	拜	沛
phản	叛	反	坂	岅	板	版	返	阪
phảng	仿	彷	舫	鈁
phảy	丿	𢭿	㧊	沛
phấn	偾	奮	奋	拚	粉	鼢
phấp	法	𤎒	邑
phất	佛	弗	彿	怫	拂	沸	紼	绋	茀	袱	髴
phần	份	仿	分	墳	坟	枌	棼	𣸣	燔	焚	蕡
phầu	抔	裒
phẩm	品
phẩn	糞	粪
phẩy	𢵪	沛
phẫn	忿	憤	愤	扮
phẫu	剖	缶	裒
phận	分
phập	乏	𠵽	懾	慴	𨥧
phật	乀	佛	怫	髴
phắc	𡃾	噗	朴
phắp	𪴹	法
phắt	拂	發	𧿳
phẳng	𪪇	仿	凭	坂	彷	滂
phặp	乏	𨥧
phẹt	㗶	筏
phế	廢	废	肺
phếch	拍	𤾷
phết	丿	撥	撇	𤼵	發
phếu	嫖
phề	肥
phềnh	泙	萍
phều	漂
phễu	瓿	缶	𧧀
phệ	噬	吠	筮
phệch	拍
phện	抃
phệt	撇
phỉ	丕	匪	悱	斐	榧	棐	疿	痱	翡	菲	蜚	誹	诽	䤵
phỉnh	𠶏	𠰳
phị	𤷂	𦜀
phịa	吠
phịch	丿	擗	筏
phịu	漂
phọc	縛	缚
phọng	菶
phỏng	倣	仿	彷	𤊦	訪	访
phố	圃	浦	舖	鋪	铺
phốc	仆	扑	撲
phối	浿	配
phốp	𪾁	乏	𦝎
phồn	繁	緐	藩
phồng	𤂧	篷	蓬
phổ	普	溥	譜	谱	鐠	镨
phổi	𦟊	肺
phổng	倣
phỗng	𪫊	倣	俸
phộc	攴	攵
phộng	菶	𧯵
phới	沛	派	配
phớt	咈	彿	拂
phờ	𠱀	𤷵
phở	𡂄	頗
phỡn	𦙀
phụ	坿	埠	婦	媍	妇	賻	赙	負	负	跗	輔	辅	父	附	阜	阝	駙	鮒	鲋
phục	伏	复	幞	復	愎	服	洑	腹	茯	菔	襆	袱	鰒	鳆
phụng	凤	唪	奉	菶	鳳
phụp	乏	𠰏
phụt	炥
phủ	𪺛	俯	俛	否	廡	府	撫	抚	拊	斧	甫	腑	脯	覆	頫	鬴
phủi	𢲭
phức	𠸢	复	復	愊	愎	複	馥
phứt	拂
phừng	炐	焚	𤇊
phựt	拂
pi	𪪈
pả	𪥷
qua	剮	剐	呱	埚	堝	戈	撾	瓜	過	騧	䯄
quai	乖	掛
quan	关	冠	官	棺	瘝	觀	观	覌	貫	關	関	鰥	𩹌
quang	光	桄	胱	觥
quanh	𪞀	𢩊	縈	觥	𨒺
quay	乖	𢮿	拐	歪	𨆠	𨧰
que	圭	挂	𣠗	桂
quen	𪡵	悁	慣	捐	涓	貫
queo	跳
qui	龟	歸	規	龜
quy	龟	归	歸	皈	規	规	龜
quynh	冂	坰	扃
quyên	圈	娟	悁	捐	涓	蠲	鵑	鹃
quyến	汌	畎	眷	睠	絹	绢	罥
quyết	亅	决	厥	孓	撅	抉	橛	決	獗	玦	蕨	袂	觖	訣	诀	鱖	鳜
quyền	圈	惓	拳	捲	权	權	踡	顴	颧	鬈
quyển	卷	捲	管	綣	蜷
quyện	倦	捲	𤷄
quyệt	譎	谲
quà	菓	𧵟
quàn	權	𣨭
quàng	𪦍	𫏈	光	咣	挄	晃	桄
quành	瓊
quào	搞
quàu	㤹	𥆿
quày	𫏓	拐	𨆠
quá	過	过
quác	嚄	嘓
quách	廓	椁	槨	郭
quái	儈	劊	刽	卦	夬	怪	恠	拐	澮	獪	褂	詿	诖
quán	串	丱	倌	冠	惯	慣	摜	掼	灌	盥	綰	罐	罆	缶	脘	舘	貫	贯	鑵	館	馆	鸛	鹳
quáng	晃	爌	𤈛	𥆄	䀨
quánh	獷	𥗏	迥
quát	刮	咶	𠵯	括	掘	聒	鴰
quân	军	龟	匀	君	均	抣	皸	皲	筠	軍	鈞	钧	龜
quây	𡇸	𢮿
quãng	壙	廣	曠
què	蹷	跪	蹶
quèn	拳	𤷄
quèo	跳
qué	𠺺	𤡱	㹟
quén	捲
quéo	𣐲	竅
quét	𪩺	𪭱	撅	抉	括
quê	圭
quên	𪬙	𪬳	悁	捐	涓
quì	跪
quí	季	貴	䠏
quít	𢵮	橘
quý	愧	癸	貴	贵
quých	䦧
quýnh	炯	瓊	迥
quăn	𫘿	肱	𩮔	𩭵	鬈
quăng	光	挄	肱	𧈽
quĩ	匱	揆	櫃	軌
quơ	戈	撾	找	㧓
quạ	𪇍	𩾷
quạc	嘓
quạch	槨
quại	𠶔	跪
quạng	矌	𥆄
quạnh	𣔲	瓊	郡
quạt	搧	撅	掘	抉	𦑗
quạu	㗕	姤
quả	划	寡	棵	果	菓	蜾	錁	锞	𩸄
quải	啩	𠶔	拐	挂	掛	罣	罫	跪
quản	管	筦
quảng	廣	广	癀	鄺	邝
quảy	怪	𢮿	挂	拐	掛	揆	柺
quấn	捲	眷	𦄄	𦄻	郡
quất	倔	屈	括	掘	橘	桔	繘	𨧱
quấy	啩	𠶔	怪	撌	𢯗	𢫞	掛	癸
quần	𠹴	帬	攢	攒	捃	群	羣	裙	逭	麕	𢋟
quầng	暈	橘	瓊
quầy	拐	櫃
quẩn	窘	管	𨛦	郡
quẩy	挂	掛	拐
quẫn	窘
quẫy	𢷴	揆	掛	軌
quận	捃	郡
quật	倔	崛	掘	窟	鴰	鸹
quậy	揆	挂	掛	癸	跪
quắc	嘓	啯	幗	帼	攫	摑	掴	𣈛	𤎍	矍	𥊞	䀨	𥆃	膕	腘	虢	蟈	蝈	钁	䦆	鐝	閾	馘
quắm	禁
quắn	𦄻
quắp	及	急	𣌵
quắt	啒	𢯔	𣈛	橘
quằn	𡀳	𠹴	𠲰	嵬	群	𨆤
quằng	𡀳
quẳng	𪠢	廣	擴	挄
quặc	啒	擭	摑
quặm	𥋴	臉
quặn	𤹓	郡
quặp	及	𣌵
quặt	倔	啒	掘
quẹn	卷	𤷄	眷
quẹo	𢳙	䠏
quẹp	𣜿
quẹt	𢵮	抉	鴃
quẻ	𫙌	𩱻
quẽ	𡎝	揆	鬼
quế	劌	怪	挂	桂	跬	鈌
quến	𫃔
quết	决	𢵮	撅
quềnh	瓊
quều	僑
quệ	蹷	撅	蹶	跬
quệch	廓	𢵮
quệt	决	𢵮
quỉ	鬼
quị	跪
quịt	倔	掘	譎
quốc	國	国	囯
quớ	撾	過
quờ	戈	撾	𢵵	捰
quở	𠵩	過
quỳ	季	馗	葵	𧃰	跪	逵
quỳnh	惸	煢	瓊	琼	茕
quỵ	跪
quỷ	鬼
quỷnh	炯
quỹ	匱	匮	匭	匦	宄	揆	晷	柜	櫃	蕢	蒉	軌	轨	饋	馈	餽	騤
ra	𪞷	𠚢	囉
rai	淶
ram	𤓆	爁	監
ran	𪢠	㘓
rang	朗	烊	𤎜	煬
ranh	伶	名	棦	棂	𩳊
rao	咬	哰	遥
rau	𫆚	膮	胞	蔞	蒌
ray	來	唻	来
re	提	𪏭
ren	蓮	𨕡
reo	嗂	嘹	招
ri	𠶋	咦	荑	蛦	鴺
ria	挗	𣭯	𩮭	髭
rim	熑	燫	𥋲
rinh	揁	零
riu	燎	燎
riêng	𫁅	盈	𥢆	貞
riêu	窰	䖴
riếp	葉
riết	滅	𦃾
riếu	𢟛
riềng	萾
riễu	𢟛
riệt	列	列	烈
ro	由	腰	芻
roi	榑	𩍢	鞕
rom	𤊩	𦡶
rong	双	炵	蓉	苳	𨀐	𩢦
roòng	𪪩
ru	𠱋	歟	欤
rua	𪱎	𣉵
rui	𣙯	榑
run	惇	慵	𢹈	敦	蜳
rung	容	慵	𢲣	𢴋	𢹈	𢫝	搈	㧤
ruã	𤀒
ruông	躘
ruả	嚕
ruốc	𩽖
ruối	𣝉	树
ruồi	𧋆
ruồng	攏	拥	𣳔	籠
ruổi	㩡	𨆷	𨇒	𩧍
ruỗi	㩡	𨆷
ruộm	染
ruộng	𪽞	𪽣	𫅹	田	𤳱	𤲌
ruột	𫆧	𦛌	𦝬
rà	攞	𦓅	𦚐
rài	淶	𨱽
ràn	欄	瀾
ràng	𠒥	𢬥	𤉜	𤎔	炩	𦀾
rành	停	佲	伶	𤋶	炩
rào	摷	橯	樔	淘	洨	𩆍
ràu	嘲	愁
rày	𪰬	沃
rá	𥳅	筥	箇
rác	𧅫	落	覺
rách	𫌕	𤃝	瀝	𦇔	𧛊	𧞿
rái	𢘽	獺	𤠹	𤞫
rám	爁
rán	𠡧	𠡎	炟
ráng	𠡧	𠡎	𩄐	𩅜
ráo	𣋝	燥
ráp	㕸	撘	搭	拉	甲
rát	戛	撒	𤌣
ráu	𠸫	𠴼	教
ráy	𫇶	𫈨	𦵜
râm	壬	森	菻	𩂇
rân	噒	嗂	𠽍	民
râu	𫘼	𫙂	鬍	𩯁	𩭶
rây	𥵘	篩	䇴	縒
rã	吔
rãi	待
rãnh	𪷶	冷	𤃡	泠	汫
rè	𪧺	𠯋	提	𥗍
rèm	幨	帘	廉	廉	簾	簷	𦆆
rèn	㷙	𨮻	鍊
rèng	𪟚
ré	哩	䄫
rén	練	𨅍	鍊
réo	𠮩	嘹	𠰉
rét	𪶭	𫕪	冽	洌	烈	𨦙
rê	黎
rên	噒	𠸩	嗹
rênh	𠈳
rêu	嘹	姚	𧄈	𦼔
rì	掑	洟	荑	遲
rìa	𧣧
rình	偵	侱	伶	𠴔	情	睈
rìu	斤	鐐	鉊
rí	哩	浬
rích	𪠉	嚦	曆	滴	靂
rím	𤢾
rít	列	列	洌	蝎
ríu	𠮩	𠲢	𡭰	𨀽
rò	𢲛	露
ròi	𢬗	耒	𧋆
ròm	𦝃	𥈹
ròn	存	𢬗	𣆱	𤈊
ròng	容	𣳔	溶
róc	唷	𢮑
rói	𩽊	𩼷
róm	監	𧓦	𧖐
rón	蹾	䠣	頓
róng	梇
rót	𢯰	𢫫	捽	淬	𣹕
rô	𫙔	鱸	𩼁
rôm	𦢵	藍	𩫦
rông	双	容	搈	瀧	滝	雙
rõ	𤑟
rõi	嗺	𨇒
rõm	𦢵
rù	㾄
rùa	𧒌
rùi	𨀤
rùm	𠾣
rùn	𢲝
rùng	𢘭	挏	用
rú	𡀿	柘	𧀓
rúc	𪠿	𡄍	哫	㗜
rúm	揕
rún	𦡋
rúng	凍	慟	𢘭	拥	𣳔	𥙓
rút	𪮊	咄	律	揬	捽	椊	蓴
răm	菻
răn	𡂰	呡	噒
răng	𪤽	𦝄	𪘵
rĩ	𠯇
rũ	𪮴	屢	愈	瘻
rơi	來	挾	来	淶
rơm	䆂	稴	𦲻	薕	苫
rưng	𪷥	凌	徵	瀓	淩
rươi	𧍍
rương	厢	廂	床	相	箱
rước	逴
rưới	𢱓	洒
rướm	溓	滲	渗	淋	監
rướn	𠡧	摪	脹
rười	𢜞	涯
rườm	𠿳	𣓆	𧂄	葚	𧁺	藍
rường	杖	樑
rưởi	𥙪
rưỡi	𠦺	𥙪
rượi	代	悧	涯
rượn	扙
rượt	𫑓	趠	𧺕
rượu	溜	𨢇	酒
rạ	粚	胣	苲	𦲹
rạc	𫄈	弋	落
rạch	攊	瀝	澤	𤃝
rạm	𫋟	𧓦
rạn	爛	䃹
rạng	𣋃	朗	𤎔	𤏬	𤎜	煬
rạnh	炩
rạo	勞	澇
rạp	𫏦	𠪸	𢺎	笠	𧃌
rạt	溧
rạy	𢩽	麗
rả	𪣰	呂
rải	𪯝	洒	洗
rảng	𨦽
rảnh	𪝎	伶	冷	𣇝	昤
rảo	稍	𧻩	走	躁	𨀼
rảu	咾	老
rảy	洒	洗
rấm	淋	𤎛	𤊩
rấn	𠡧
rấp	𪣱	扱	窒
rất	𫇐	慄	窒
rầm	𠽍	嗂	啉	梣	樳	氳	霪	霖
rần	𫖚	嗂	𠽍	寅	陳
rầu	嘲	愁	油
rầy	喍	唻	𧍍
rẩy	𪭩	𢝚	𢱓	𢩽	𢬦	洒	禮
rẫm	浸
rẫy	𡓾	𡋀	𢹿	𢬦	𧿆
rậm	梣	甚	葚	𦾢
rận	𧏶	𧋻	蚓
rậng	𤎜
rập	𪮯	𫁫	𫃡	㕸	垃	摺	拉	泣	笠	𨀎
rật	㗚	栗
rắc	𪮔	𪮦	挌	𢩮	𢴑	㩫	𢳝	𢳯	揦	革
rắm	啉	廩	廪	𣱰
rắn	𪣠	𠡧	𥑲	𧋻
rắng	𦄺
rắp	𫁞	㕸	𢘮	拉	泣
rắt	溧
rằm	𪱬	𠄻	𦝃
rằn	吝	彩
rằng	哴	㖫	浪	𪘵
rẵng	𦄺
rặc	洛
rặm	𤶄	葚
rặn	𠡧
rặng	孕	𡻔	鄧
rặt	秩
rẹp	躐
rẹt	烈
rẻ	𠀳	惕	易	𥜤
rẻo	釕
rẽ	𢹿	𢩽	𢬦	𢪊	拟	禮	礼	礼	𥘶	𧕬	𧿆	雉
rế	𥰆	締
rếch	噒	𠸩	曆	歷	藶
rến	𨀏
rết	𧏲	蝎	𧋍
rề	提	𤄭	𤂱	𣾸
rền	𡃚	噒	廛
rềnh	呈
rều	潮	繚
rể	嫷	㥠	易
rểnh	𠴒
rễ	𣑶	𦮲	䓪
rện	蝒
rệp	蠟
rệt	𫊔	列	列	𤍅
rệu	洮
rỉ	𠯇	𠺨	嚙	忋	汜	釲
rỉa	𠹼	𠶋	唎
rị	拭
rịa	地
rịch	攊	曆
rịn	湅	煉	煉	練	緬	練	輦
rịt	列	列	𦃾
rọ	𢷅	㮲	㯝	露
rọc	𪟆	𢯡	轆
rọi	燴	烩	𦠵
rọt	律	律
rỏ	瀂
rỏi	㩡
rỏm	𧖐
rỏng	𣿅
rố	𡀔
rốc	𧐒	速
rối	𦇒	𦆹
rốn	噀	巽	𦡋	𦠆
rống	㗢	哄	吼
rốp	𤎞
rốt	卒	𡦧	𡮇	𡳝
rồ	𠱋	𢲛	𤸭
rồi	耒
rồng	瀧	滝	蠬	蠪	𧏵	𧍰
rổ	擼	𥯇	𥶇
rổi	耒
rổn	沌
rỗ	𤻼	𥶇
rỗi	𪿸	𡂳	耒	𩧍
rỗng	𥧪	筩	董
rộ	𡀔	露
rộc	𪤤
rộn	吨	撰	遯	遁
rộng	𢌌	廣	𣳔	𤳱
rớ	架	𦁹
rớn	𠡧
rớt	溧
rờ	𪹘	𢲢	攎	踈
rời	來	𢴐	浰	淶	移
rờm	𠿳	滲	渗
rờn	寅	彈	弹
rở	𠴊	捛
rởm	𠼖	啉
rởn	𠹖	演
rỡ	𠒦	懙	𢙲	𢷣	𤑟	𤊪	焒
rợ	助	夷	𤞩	𤞪	緆	預
rợi	𢜞	灑	涞	淶
rợn	囒	羨
rợp	𣜿	苙	𩄓	雴
rục	濁
rụi	㰁	𣑳
rụng	勇	梇	𣳔	湧	用	苚
rụt	律	揬
rủ	𡀿	𡀍	喻	𠱋	屢	屡	愈
rủa	嚕	𪁇
rủi	𡂳	𢙩	㩡	𥗐	磊	耒
rủng	㗢	慟
rứa	呂
rứt	𢲼	搮
rừ	如
rừa	鈼
rừng	棱
rử	𥆻
rửa	𤀗
rữa	𤀗	𦛗
rựa	𨮌	鈼
rực	𤊧	氻	熤
rựt	搮
sa	娑	挲	挱	桬	沙	痧	砂	紗	纱	裟	蹉	鯊	鲨
sai	𡗂	差	搓	猜	縒	絺
sam	參	彡	杉	芟	蔘	𧑁	𧏰	衫
san	飡	删	刪	刊	姗	山	栅	湌	珊	舢	蟮	跚	鏟	飧	餐
sang	創	创	嗆	呛	𢀨	廊	𢲲	搶	抢	槍	枪	熗	炝	瘡	疮	蹌	跄	𨖅	郎	鎗
sanh	𪡚	𪡾	撐	撑	栍	柽	檉	牲	生	笙	蟶
sao	𪱊	吵	牢	抄	捎	敲	𣋀	𣇟	𣒲	梢	炒	燒	秒	筲	艄	鈔	钞	鞘
sau	𪢈	𫏻	𫐂	𡢐	婁	牢	差	𢖕
say	𫑹	醝
se	𤉖	𤏤	痴	車
sen	𡣻	蓮
si	𪡦	𪣅	嗤	媸	差	徙	癡	痴	眵	稀	螭	蚩	魑	鴟	鸱
sim	𣑷	枮	槮
sinh	牲	狡	甥	生	𥑥	笙
siêm	覘	觇
siêng	𠡏	𠰮	𤯺	生
siêu	超
siết	切	𠲔	折	掣
siểm	諂	谄
siển	蕆	蒇	闡	阐
siểng	𥸍	䇸
siễn	喘
so	搊	摳	攄	𢫘	抠	芻	趨	𨏧	𨎆	𨋤
soa	杈	蓑	釵
soan	閂	闩
soi	擂	洡	𢐝
son	𪳔	𪿽	崙	𣜱
song	𫁷	双	𠼾	囱	窓	㩳	㧐	𣙩	𣳔	漴	牕	窗	窻	𧄐	蔥	葱	雙	𩽧
soái	帥	帅
soán	攛	撺	篡	簒	鑹	镩
soát	刷
soã	鎖
soạc	鷟
soạn	撰	𦠆	譔	饌	馔
soạng	撰
soạt	鷟
soải	甩
soảng	撰
soớm	𣌋
su	㮲	樞	蒭	蘇
sua	誇
sui	𡢽
sum	岑	𢵳	森	𦼚
sun	嗔
sung	充	崇	㤝	憧	𣑁	茺
suy	嗤	推	絺	蚩	衰
suyền	湍
suyển	喘
suyễn	喘	舛
suân	皴
suôi	𡢽	𤂬	洡
suông	𪲂	𫁔	㤝	滝	雙
suý	帥	帅	揣	甩
suả	𡂡
suất	摔	率	繂	蟀
suốt	啐	𢖀	律	掇	摔	捽	拙	椊	率	𨙖
suồng	𠼾	閂
suỷ	惴	揣
sà	沙	茶
sài	儕	偨	侪	柴	㾹	豺
sàm	𠋂	攙	搀	讒	谗	鑱	饞	馋	𩝎
sàn	孱	常	棧	潺
sàng	床	牀
sành	𡊳	𤬸	𥓉	𥑥
sào	巢	巛	樔	篙	缲	繅	缫	高	髙
sá	侘	吒	咤	啥	詫	诧
sác	藪	薮
sách	册	冊	嗦	坼	彳	拆	栅	柵	策	筞	筴	索
sái	耍	差	曬	晒	殺	灑	洒	瘥	衩	踩	跴
sám	懺	忏	鏟
sán	振	掁	棧	汕	燦	灿	璨	疝	粲	訕	讪	赸	趁	鏟	鎮
sáng	創	剙	剏	创	灲	𤏬
sánh	𠁔	𡖼	𤯭	聘	逞
sáo	𠿀	奪	套	槊	筲	𥱫	笛	𪁎	䳂
sáp	插	㯿	歃	澀	濇	涩	爉	牐	霎	𦝥	臿	蠟	鍤	锸	鮹
sát	刹	察	擦	杀	殺	煞	礤	詧	鑔	镲
sáu	𦒹
sâm	參	参	森	蓡	葠
sân	嗔	𡑝	瞋	真
sâu	漊	溇	螻	蝼
sây	僽	差
sã	乍	𢘬	秨	𨦁
sãi	𪧸	仕	士
sè	仕	稀	茌
sèn	咧	洌
sèo	膢	𦝼	饒
sé	稀
sém	𤒦	𤑯
sét	𪷘	冽	𡏥	殺	鎩	𩄰	𩂶
sên	﨡
sênh	撐	笙
sêu	𠾸	超
sì	仕	稀	絺	茌	𪐢
sình	浧
sí	厠	厕	廁	熾	炽	翄	翅	趐
sính	俜	娉	聘	逞	騁	骋
sít	殺
sò	㗙	𧒌	𧎷
sòm	讒	谗
sòn	存
sòng	𠼾	𣙩	𣳔	漴	𥊠
sóc	搠	朔	槊	𥉮	矟	蒴
sói	㰁	𤢿	獪	𤢗	磊	𩯹
són	寸	𣼍
sóng	㳥
sót	卒	率
sô	刍	𠸗	皺	皱	縐	𦁅	绉	芻	騶	驺	𪄞
sôi	㵢	𤉚	炊	𢐝	熣
sông	𪷹	瀧	滝
sõi	仕	士	磊
sõng	腫
sù	厨	摳	樞	𣭃	縐
sùi	𠱤	洡	㵢	淶
sùm	𫊍	㖗	森
sùng	崇	𢠄	蟲
sú	擻	藪	薮	醜
súc	亍	㗜	搐	槒	束	畜	矗	縮	缩	蓄
sún	噀
súng	茺	銃	铳
sút	卒	淬	率
săm	審
săn	獜	𤜬	𤞓
săng	棱	橉	槺
sĩ	仕	俟	士	豉
sũng	寵	漴	腫
sơ	初	匹	𠸗	⼹	梳	疎	疏	疋	𤴔	蔬
sơn	山	杣
sư	𪝜	师	師	攄	獅	狮	篩	筛	螄	蛳
sưa	𫑺	𫑽	疏	疎
sưng	𪽩	𫇁	𤷖
sưu	嗖	廋	搜	溲	瘳	艘	螋	謅	诌	颼	餿	馊	鬼
sươi	差	𦟎
sươn	汕
sương	傖	伧	凔	厢	孀	廂	箱	霜	鸘	鹴
sước	婥	辵	辶
sướng	唱	快	暢	畅
sướt	殺
sườn	傖	伧	樑	𦠳	𦘹
sường	床
sưởi	𤇧
sưởng	敞	昶	氅	鬯
sượng	𪽄	𠶤	尙	惝	煬	爽
sượt	殺
sạ	乍
sạch	瀝	滌	沚
sạn	僝	棧	栈	磾	䃅
sạo	𠻥	掉	謅	鮹
sạt	鷟
sả	𪮈	𦵘	𦲺	𨦁
sải	𪪪	仕	庹	𢲮	𢩿	豸
sảm	摻	掺
sản	剷	剗	刬	産	产	鏟	铲
sảng	𡙁	愴	怆	爽	磢
sảnh	倩	凊	厅	廳	庁	𤯝
sảo	吵	稍	謅	诌
sảy	仕	𢫟	𤇧	𤵴
sấm	𫕨	滲	渗	闖	闯	𩆷	𩆐
sấn	𪮭	榇	櫬	疢	襯	衬	趁	趂	鎮	闖	齔	龀
sấp	把	䏠
sất	匹	叱	疋	䋎
sấu	丑	嗽	潄	瘦	蓃	㮴	𩽤	𩽉	䱸
sấy	晒	𤇧
sầm	岑	涔	磣	硶	碜	立	立
sần	𤊥	𤷲	痳
sầu	愁	𣜷
sầy	媸	柴	稀
sẩm	審	滲	渗
sẩn	疢
sẩy	𪵌	𪷔	仕	侈	𢫟	𤇧	𤵴	𨀋
sậm	揕	湛
sập	𠙅	柆	立	立	笠	習
sật	栗
sậu	驟
sậy	𣐴	槎	茌
sắc	勑	勅	嗇	敕	穡	色	銫
sắm	懺	忏
sắn	𦼛	𦸰	趁
sắng	𤎜	𤍎	𦼃	䕝
sắp	插	拉	挹
sắt	蝨	瑟	虱	𨫊	鐵	鉄	铁
sằng	𠳹
sẳn	𪩯
sẵn	産
sặc	𡆈	色	𩻀
sặm	湛
sặt	篥	䔁	鰾	𩺤	𩻀
sẹo	刟	𤵪	𪖠
sẹt	咧
sẻ	仕	𢩿	𢫟	𨦁	𪀆	䲧
sẻn	㦃	淺	舛
sẽ	仕	𠱊
sế	傺
sến	棧	梬	𣞶
sết	𣻂
sếu	𫛎	䳂
sề	𣖝	𤠷	盻	𥬋
sền	勝	胜
sềnh	浧
sể	𥬋
sểnh	㨘
sểu	𣲦
sễ	仕
sệ	滯
sệch	尺	斥
sệp	笠
sệt	𢟏	㤡	𣻂	特
sỉ	哆	恥	耻	蚩	褫
sỉa	𨀋
sịch	擲
sịt	㘉	哳	截	殺
sọc	𥉮
sọm	攙	搀
sọt	箻	𥯝
sỏ	𩠩
sỏi	𡓃	𥗐	磊	𥑶
số	擻	措	數	数	𢼂
sốc	滀
sống	𪟤	𤯨	𤯩	𦡠	𧚠	𩀳	𩩇	𩩖	𪁇
sốt	律	律	焠	𤈠
sồ	粗	芻	雛	雏	𪄞	𩿿
sồi	頺	頽	𩟬
sồm	讒
sồn	屯
sồng	𫌌	㚇	崇	椶	棕	𣙩	梇
sổ	数	數	𢼂	䉤	籔
sổi	𩟬
sổng	寵
sỗ	𪢒	𠴗	數	数	𤑟	魯	魯
sộ	數	数
sộc	族	濁
sộp	𣙫	𩻒
sột	㗜	焠	突	𥯝
sớ	所	疏
sớm	𪩪	劍	𣌋	𣋽
sớn	汕	潺	趁
sớt	匹	叱
sờ	𢮀	𣻄	疎	疏	礎
sờm	𥓸	𧛎	衫	讒
sờn	孱	𢢁	潺
sở	所	楚	礎	础
sởi	𤴶	𤵴
sởn	産	闡
sỡ	所	楚
sỡi	仕	士
sợ	怍	𢜝	歙
sợi	𥿥
sụ	聚
sục	亍	㗜	滀	畜
sụm	𢵳	𨅾
sụn	𦠆	𩪞
sụp	拉	立	立	笠	𨄴	𨅁	𨀎
sụt	咄	𠸂	律	拙	湥
sủ	𩽋
sủa	嚕	𪁇
sủi	洡
sủng	宠	寵	𨰧
sứ	使	𣐳	瓷
sứa	𧍇	𩸲
sức	力	式	飾	飭	饬	饰
sứt	匹	叱	𠿰
sứu	簉
sừ	𣐳	耡	鋤	锄	鉏
sừn	𦘹
sừng	𧤁
sử	使	史	駛	驶
sửa	𪮈	使	所	𢯢
sửng	爽
sửu	丑
sữa	𣷱	𣷲	𣳪
sững	爽	𨄉
sự	事
sựa	𠶝
sực	𫗾	力	𠶗	忇	𢜝	矗	直
sựt	力	叻	栗
ta	些	偺	嗟	咱	喒	爹	瘥	鹾	鹺
tai	哉	灾	災	烖	甾	𦖻	腮	顋	鰓	鳃
tam	叁	三	仨	叄	弎	慚
tan	𪯗	散	潵
tang	丧	喪	嗓	桑	牂	臧	藻	䘮	赃
tanh	腥	胜
tao	傮	𠋺	搔	溞	糟	糙	臊	𦞣	蚤	遭	騷	骚
tau	蚤
tay	𪮏	拪	𢬣
te	卑	卑	呞
tem	尖
ten	先	銑
teng	先
teo	消	霄
tha	𫅁	他	她	它	搓	拖	拕	牠	磋	赦	蹉	趿	鉈	铊
thai	𪿘	台	炱	胎	臺	苔
tham	參	参	貪	贪
than	𪡩	嘆	坍	攤	歎	灘	滩	炭	炮	癱	瘫
thang	嘡	徜	楊	汤	湯	簜	紳	膛	蹌	蹚	鐋	钖	鍚
thanh	圊	声	晴	腈	清	聲	菁	蜻	錆	鍚	青	鯖	鲭
thao	韬	絛	叨	幍	操	搯	掏	洮	滔	縚	縧	𦃡	鐰	韜	饕
thau	鐰	鍮
thay	𠊝	𠼷	台	𠳙	咍
the	𫄋	施	𦂛	絁
then	𣏿	杄	𣛩	釺
theo	蹺	遶
thi	匙	尸	屍	施	濞	蓍	詩	诗	試	鳾	䴓
thia	施	𩸸
thin	忏
thinh	廳	庁	汀	清	烴	𤇂	聲	請
thiu	燒
thiêm	僉	佥	帖	添	痁	簽	籤	籖	签	舚	舔	苫	蟾	譫	谵	鐱
thiên	仟	傓	偏	千	天	扇	扁	扦	搧	篇	羶	膻	芊	遷	迁	釺	钎	阡	韆
thiêng	𪬮	𤍌	聲	誠
thiêu	卲	燒	烧
thiếc	切	𨮹	錫	鉄
thiến	倩	𠟤	𠞛	善	蒨	茜
thiếp	妾	帖	𢜡	惬	愜	𢲯	淁	貼	贴
thiết	切	竊	窃	設	设	鐵	鉄	铁	銕	餮
thiếu	儉	少	瞅	眺	𥄨	糶	粜
thiềm	幨	檐
thiền	单	單	嬋	婵	禪	禅	蟬	蝉
thiều	迢	韶
thiểm	忝	䀹	睒	閃	闪	陕	陜	饞
thiển	淺	浅	痶	腆
thiểu	少	愀
thiệm	贍	赡
thiện	善	嬗	擅	繕	缮	羶	膻	膳	蟺	饍	鱔	鳝
thiệp	帖	涉
thiệt	實	寔	实	绍	舌	𧵳	貼	邵
thiệu	劭	卲	紹
tho	收	萩	菟	荍
thoa	捘	搓	梭	簑	蓑	釵	钗
thoai	陲
thoan	悛	竣	鑹	镩
thoang	倘
thoen	栓	銓
thoi	崔	推	梭	槯	鏙
thom	惨	慘
thon	刌	忖	村
thong	從	通
thoá	唾
thoái	𤍐	煺	㷟	腿	褪	退	逡
thoán	𧰬	爨	竄	窜	篡	躥
thoáng	倘	曠	洸
thoát	侻	捝	脱
thoã	媠	妥	橢
thoăn	彎	悛
thoại	話	话
thoạt	𣉐	脱
thoả	妥	𢚶	椭	橢	脞	課
thoải	𢗷	阥
thoản	氽
thoảng	倘
thoắng	候	倘
thoắt	啐	捝	率	率	率	脱
thu	収	揪	收	楸	秌	秋	鞦	鞧	鰍
thua	𪿐	收	誇	輸
thui	催	𤏣	熣	煺	㷟	退
thum	深
thun	村	𦀹	紨
thung	從	𢠅	慵	樁	舂	蓯
thuyên	单	拴	栓	痊	筌	脧	荃	詮	诠	遄	醛	銓	铨	鎸	镌
thuyết	説	说
thuyền	嬋	婵	船	舡	舩
thuân	悛
thuê	𠾔	税
thuôn	悛	村
thuý	翠	脆	邃
thuả	𣋾	課
thuấn	瞬	舜
thuần	淳	純	纯	綧	蒓	蓴	逗	醇	馴	𩾧	鶉	鹑
thuẫn	楯	盾
thuận	順	顺
thuật	术	朮	秫	術	述	鉥
thuế	𠾔	税
thuốc	𫊚	茦
thuốn	𢩭	村
thuồng	慵	𢠆	蛹
thuổng	𨭑	𨪞
thuỗn	寸	盾	腫
thuộc	屬	属
thuở	𣋾	𣇫	課
thuỳ	垂	搥	捶	署	誰	谁	鎚	錘	锤	陲
thuỵ	瑞	睡	谥	諡
thuỷ	始	水	氵
thà	𪰛	𪰰	他	時
thài	偨	柴	蒔
thành	城	成	誠	诚
thào	㗖	滔
thày	偨	柴
thá	世	措
thác	托	搨	拓	𣟄	槖	橐	柝	𣨰	𣴜	蘀	萚	託	跅	錯	错
thách	𡂓	嘁	托	昔	適
thái	傣	倸	埰	太	寀	彩	態	态	採	泰	汰	睬	綵	蔡	菜	踩	跴	采	釆	鈦	钛
thám	探	採
thán	嘆	叹	攤	摊	歎	炭	碳
tháng	𪱚	𣎃	躺
thánh	咱	㗂	圣	聖
tháo	噪	慥	操	躁	造
tháp	嗒	塔	塌	撘	插	搭	榻	溻	溚	遢	鰨	鳎
thát	撻	挞	獺	獭	闥	闼	韃	鞑
tháu	草	艸
tháy	𢪯
thâm	浸	深
thân	伸	呻	抻	申	砷	亲	紳	绅	親	身
thâu	𪯊	偷	收	輸	输	鍮	𨱎
thây	尸	屍
thãi	汰	貸
thè	他	囄	𡂉	𠺮	𠷇	𡀗	施
thèm	𡅩	噞	噡	饞	𩝎
thèn	𢢆
thèo	𪷰	𡃼	韶
thé	世	呭
thép	𨨧
thét	𠯦	𤆻	鉄
thê	凄	妻	妾	悽	栖	棲	梯	淒	萋	銻	锑
thêm	添	沾
thênh	𪤲	清	青
thêu	𫃹	繞
thì	匙	時	时	蒔	辰	鰣	鲥
thìa	匙	時	𨫉
thìn	辰
thình	成	盛
thí	剃	屁	弑	施	譬	試	试
thía	涕	譬	試
thích	倜	俶	刺	奭	弑	惕	慼	戚	磧	踢	適	适	𨓈	釋	释	𨮹
thím	嬸
thín	請
thính	𫃈	听	咱	𥺒	聽
thít	𡂓	𢗠	𥾛
thò	𪬔	𪮩	𫏝	𢲬	授	措	收	殊	踆	酬
thòi	催	崔	推
thòm	啿	諶
thòng	捅	桶	𦄷
thó	𡓠	措	錯
thóc	𡁾	𢬳	束	𥟈	秃	粟	𥹵
thói	𫗁	𫗂	俗	𢟔	態	腿	退
thóp	𠾾	塔
thót	𪷄	𡁾	𠲿	束	淬	説
thô	觕	粗	麤	麁
thôi	𪝱	催	崔	慛	推	蓷	衰
thôn	㖔	吞	暾	村	邨
thông	匆	囱	恫	怱	松	桶	樋	樁	痌	聪	聰	蔥	葱	通
thõng	捅	腫	踊
thù	𫌵	儔	俦	侏	殊	殳	洙	茱	蛛	讎	讐	詧	醻	酬	酧
thùa	殊	𦅱	綉
thùm	𠽉	忱
thùn	屯
thùng	𠽅	從	𢠅	𢠆	桶	樁
thùy	垂
thú	𪳂	取	兽	娶	守	戍	獸	狩	趣	首
thúc	倏	倐	促	叔	尗	束	菽
thúi	退
thúng	筩	𥴗
thút	𠴫	束	猝
thăm	𪮨	𡂹	𠽄	𠶀	㖭	採	探	深
thăn	嘆	歎	胂
thăng	升	塍	昇	陞
thĩ	𠱈	噬	呩
thũng	腫	肿
thơ	他	初	𠽔	舒	𦭟	詩
thơi	台
thơm	𦹳
thơn	噠	嘆
thư	𪭣	书	姐	恣	攄	摅	書	狙	疎	疽	紓	纾	舒	菹	苴	蛆	詛	诅	趄	雌	雎	鞦	齟	龃
thưa	𠽔	疎
thưng	升
thưu	萩
thương	仓	傷	倉	伤	凔	商	墒	愴	怆	戧	戗	搶	抢	斨	槍	枪	殤	殇	滄	沧	熵	瑲	玱	疡	舱	艙	蒼	苍	觞	觴	鎗	錆	鶬	鸧
thước	𡱩	托	爍	烁	鑰	鑠	铄	钥	鵲	鹊
thướt	切	托	𤃧	淬
thườn	神	神	臣
thường	償	偿	嘗	尝	常	徜	裳
thưởng	垧	搶	抢	晌	賞	赏
thưỡn	坦
thược	勺	瀹	芍	鈅	龠
thượng	上	尙	緔	鞝
thượt	𤻬	碩
thạc	碩	硕
thạch	石	𦚈	䖨	鼫
thại	貰
thạnh	𣆭	盛
thạo	套	操	插
thạp	塔	盒
thả	且
thải	汰	肽	貸	贷
thảm	𫌄	尗	慘	忐	惨	摻	毯	穇	䅟	菼
thản	坦	鉭	钽
thảng	儻	倘	徜	淌	趟	躺
thảnh	清	請
thảo	草	艸	艹	艹	討	讨
thảy	𪨐	汰	貸
thấm	嘇	審	沁	瀋	浸	湛	滲	渗
thấn	殡	殯	矧	趁
thấp	𥰊	濕	溼	湿	隰
thất	七	匹	失	室	㭍	柒	疋	𤴔	䋎
thấu	腠	蔟	輳	辏	透
thấy	𫌠	体	𧡊
thầm	𠽉	啿	𠽄	𠶀	忱	椹	諶	谌	䰼
thần	唇	娠	宸	晨	神	脣	臣	辰
thầu	偷	𠲠
thầy	𪪀	偨	柴
thẩm	嬸	婶	審	审	瀋	沈	渖	讅	諗	谂
thẩn	吲	哂	矧	蜃
thẩu	𪝈	荍
thẩy	汰	貸
thẫm	審	瀋	深	𧺀
thẫn	矧
thậm	什	珠	甚	葚
thận	慎	腎	肾
thập	什	十	拾
thật	實	寔	实
thắc	忑	忒	慝	鋱	铽
thắm	嘇	審	𧺀
thắn	殯
thắng	乘	勝	胜
thắp	撘	搭	𤏧	𤐴
thắt	失	抶	紩
thằn	蠅	𧊋	蜃
thằng	僶	𠊟	倘	尙	繩	绳
thẳm	審	瀋
thẳng	倘	𣦎	𥊣	躺
thặng	乘	剩	賸
thẹn	𪭇	𫅡	𠾺	𢢆
thẹo	剿	勦	少	𤵌
thẻ	𠱈	矢	𥮋	𥸠
thẻo	少
thế	世	剃	勢	势	卋	妻	屉	屜	愍	替	涕	沏	渫	砌	薙	貰	贳	鬀
thếch	添	適	适
thếp	帖	淁	𤆻	設	𨨧	𩚦
thết	設	𩚦
thề	誓
thềm	㙴	𡍞	檐
thều	嘲	韶
thể	世	体	勢	彩	躰	逝	體
thểu	吵	少
thệ	誓
thỉ	𠱈	始	屎	弛	施	矢	舓	舐	豨	豕	𧳐
thỉnh	請	请
thỉu	少
thị	侍	嗜	市	恃	施	是	柿	柹	氏	眎	示	視	视	豉	鈰	铈
thịch	辟	釋
thịnh	盛
thịt	𦧘	䏦	舌
thọ	受	壽	寿	授
thọc	擉	𢬳
thọt	啐	揬	𨃍
thỏ	兔	兎	堍	𤟛	菟
thỏi	𤗯	碎	鋑
thỏm	𡂹	忝	慘	瀋
thố	兔	兎	厝	措	菟	酢	醋	錯
thốc	𠲿	嗾	托	𢬳	秃	簇	蔟	踧	鏃	镞	鷟
thối	𠺙	啐	腿	退
thốn	寸
thống	𢳟	捅	桶	痛
thốt	卒	啐	椊	橽	猝	説
thồ	馱
thồi	搉
thổ	吐	土	釷	钍
thổi	𠺙	煺	璀
thổn	刌	忖
thỗn	忖	𦛻
thộ	錯
thộn	氽	𦛻	順
thộp	拾
thớ	次
thớm	採	探
thớt	匹	噠	𣘄	橽	泞	達
thờ	𫀟	𠄜	徐	於	𥚤	祠	蜍
thời	时	時	旹	𥱯	貰
thờn	𩺦
thở	咀	呲
thởi	貰
thợ	𠏲	署
thụ	受	售	授	樹	树	竪	竖	綬	绶	豎
thục	俶	塾	孰	淑	熟	蜀	贖	赎
thụi	𢵌	𢱸	退
thụp	拾
thụt	𢫫	湥
thủ	取	守	手	扌	首
thủa	𣋾
thủi	𠺙	退
thủm	𫇍	審	瀋	𦤰
thủng	𡄯	從	樁	聳	腫
thủy	氺
thứ	刺	庶	恕	恐	次
thức	𠲧	式	恜	拭	識	识	䛊
thứu	鷲	鹫
thừ	蜍
thừa	丞	乘	庶	承	餘
thừng	繩	绳
thử	呲	暑	此	沚	試	黍	鼡	鼠	齜	龇
thửa	使	所	此
thửng	𪟶	㫾	矧
thững	吲	蕩	𨀊
thự	墅	曙	署	藷	薯
thực	埴	實	寔	实	植	殖	泄	蝕	釒	蚀	食	饣	飠
ti	凘	卑	司	噝	咨	咝	婢	撕	澌	丝	裨	諮	貲	赀
tia	𣈢	濞
tim	𢙭	心	𥿂	紺	𦙦	芯
tin	𪝮	信
tinh	并	惺	旌	晶	星	桯	猩	睛	精	腥	菁
tiu	消	簫	鏢	銷
tiêm	尖	𢬅	暹	歼	殲	漸	渐	簽	籤	签	纖	纤	䊹	縴	銛	铦
tiên	仙	僊	先	姗	戔	戋	椾	氙	浅	湜	淺	煎	牋	秈	箋	笺	籼	躚	跹	鬋	鮮	鲜
tiêu	僬	劁	哨	宵	悄	椒	标	標	消	瀟	潇	焦	礁	硝	簫	箫	綃	肖	蕉	蕭	萧	逍	鑣	镳	銷	鏢	镖	销	霄	飆	飙	髟	魈	鮹	鷦	鹪
tiếc	惜
tiếm	僭	譖	谮
tiến	牮	荐	薦	進	进
tiếng	𪱐	㗂
tiếp	燮	接	楫	檝	浹	浃
tiết	卩	㔾	媟	屑	洩	泄	泌	疖	節	緤	紲	绁	节	血	亵	褻
tiếu	俏	噍	咲	峭	悄	瘭	笑	肖	誚	诮	醮	陗
tiềm	潛	潜	漸	渐
tiền	前	錢	钱
tiều	憔	樵	瞧	𦗠	譙	谯	顦	魈
tiển	尠	尟	戬	洗	燹	癬	癣	羡	蘚	藓	跣	銑	铣	鮮	鲜
tiểu	小	⺌	湫	篠
tiễn	剪	濺	溅	湔	箭	𦑦	譾	謭	踐	践	翦	餞	饯
tiễu	剿	勦	峭	悄	陗
tiệc	席
tiệm	嶄	店	漸	渐	鞭
tiện	便	剪	羡	羨	賤	贱	銑	铣
tiệp	婕	捷	㨗	睫
tiệt	截
tiệu	譙	誚	诮
to	𢀱	穌	租	粗	蘇
toa	唆	梭	矬
toan	狻	痠	祘	筭	算	𥫫	酸
toang	徇	洵
toe	𡄪	䏴
toi	𡳥	𣩸	𤻒
tom	慚	𥿂	縿	𩵽
ton	噂	尊	敦
tong	宗	淙
toà	坐	座	𤉛
toàn	全	旋	璿	璇	鏇	镟
toá	𪯞
toác	𪯕	嚄	𠴚
toái	碎	蕞
toán	祘	算	筭	𥫫	蒜
toáng	俊
toát	嘬	撮	𥊴	襊
toè	隨
toé	𪯛	哨	𤂭
toét	𫂪	𠽌	𥊴
toạ	𠴚	坐	座
toạc	𪟒	嚄	𧞤	鑿
toại	燧	繸	遂	隧
toạng	𠊫	徇
toả	𪹟	剉	嗩	唢	挫	瑣	琐	碎	鎖	銼	锉	锁
toản	囋	攢	攒	臜	臢	瓚	瓒	纘	缵	賺	趲	趱	躦	躜	鑽	钻	鉆
toẹt	𠾼
toẻ	銷
tra	喳	𢲽	挓	揸	查	槎	楂	樝	𣙁	渣	碴	砟	茬	苴	蹅	餷	馇
trai	𪩭	佳	斎	斋	琜	𤳆	𧕚	齋
trang	妝	妆	庄	榔	桩	樁	粧	荘	裝	装
tranh	𪟐	𪺘	争	峥	崢	幀	挣	掙	橙	爭	猙	狰	箏	筝	𦽰	𦱊	貞	錚	铮
trao	搔	掉	𢭂
trau	搔	撈	𢭂	捞	𢫵	𤶎
tre	椥	𥯌	䓡
treo	尞	撩	招	挑
tri	椥	池	知	緇	缁	蜘	輜	辎	鯔	鲻
tria	𢯙
trinh	偵	侦	幀	楨	桢	禎	祯	貞	贞	鍞
triêm	挦	撏	沾	霑
triêu	朝
triếp	慴	攝	摄	折	辄	輒	輙
triết	哲	晢	蜇
triền	廛	旋	㵀	璇	纏	缠
triềng	呈
triều	晁	朝	潮	𦺓
triển	展	搌	篆	輾	辗
triện	篆
triệng	偵	旋
triệp	摺
triệt	屮	彻	徹	撤	澈	轍	辙
triệu	兆	召	肇	肈	趙	赵
tro	𪿙	爐	烣	炭
trong	𫏽	中	冲	𡧲	工	𤄯	沖	𤁘	𥪝	𥪞
tru	誅	诛
trui	𤑭	焠
trun	蜦	𧉙
trung	中	忠	盅	衷
truy	夂	夊	攵	椎	淄	緇	缁	輜	辎	追	鯔	鲻
truyên	單
truyết	掇
truyền	傳	传
truyện	傳	传
truân	屯	肫	諄	谆	迍
truông	中	𣐄	杶
truý	縋	缒
truất	詘	诎	黜
truật	怵	术	朮
truồi	㑍	𡋃
truồng	𫌎	𫏪	中	𧙽
truột	怵	黜
truỳ	搥	捶
truỵ	墜	坠
trà	垞	搽	茶
trài	栽	裁
tràm	𣠩	𣞎	檻	𤓆
tràn	瀾	𣹗	滇	漸
tràng	场	場	幢	撞	肠	腸	𧛇	長	长
trành	倀	呈	棖	錚	長
trào	嘲	朝	潮	謿
tràu	朝
trày	𠉠
trá	咤	搾	榨	痄	舴	蚱	詐	诈	醡
trác	倬	卓	啄	斲	斫	槕	桌	椓	浞	涿	焯	琢	諑	诼	逴
trách	嘖	啧	垞	幘	帻	柞	磔	窄	簀	箦	蚱	賾	赜	責	责
trái	債	债	𢁑	𣡚	𣛤	瘵	賴
trám	簪	蘸	賺	赚
trán	𪩱	綻	绽	𩑰	顙
tráng	壯	壮	壮	奘	戇	戆
tránh	𠬉	另	幀	帧	掙	挣	睁	睜	诤	諍
tráo	到	掉	教	罩
tráp	劄	匧	匣	𠤿	匼	插	扱	筪
trát	劄	扎	札	淖	𣽗	琢	眨	紮	紥	鍘	铡
trâm	𣠱	橬	簪	簮	針	针	鍼
trân	珍	瞋
trâng	徵	瞋
trâu	𤛠	㺏	𤠋	緅	諏	诹	鄹	鄒	邹	陬	鯫	鲰
trây	淶
trã	𡋿	捛
trãi	豸	廌
trèm	坫	沾	炶
trèo	樔	蹽	𨅹
tré	𦳙
trém	𡆖
tréo	𧾿
trét	𡏥	挒	折
trê	徹	撤	鯔	𩸴	𩵾
trên	𨕭	𨑗
trêu	𠺕	𠶅	嘹	𠰉	撩
trì	墀	持	池	竾	箎	篪	遲	迟	馳	驰
trìa	遲
trình	呈	埕	旋	程	裎	酲
trìu	𢩪	抽
trí	咥	寘	智	緻	置	致	𦤶
trích	摘	滴	讁	謫	谪	鰿
trính	楨
trít	哲	徹	扎
tríu	𢩪
trò	𠻀	𡀔	徒	路
tròi	𠱤
tròm	沉	沈
tròn	𡈺	𢀧	𧷺
tròng	㮔	瞳	緟
tróc	捉
trói	𫃫	㩡	繓	𦆹
trót	𪟼	卒	啐	律	㤕
trô	𥅲	誅
trôi	㵢	鱩
trôm	藍	蓝
trôn	𫆮	𫆸	侖	墫	𢳳	㬿	腀	𦝊	𦟹
trông	𪱯	𪿁	𪿄	矓	𥊛	𥉩	𥉫	篭	筭
trù	厨	㕑	嚋	幬	帱	廚	惆	櫥	櫉	橱	疇	畴	稠	籌	筹	綢	绸	譸	詛	躊	蹰	踌
trùm	𠆳
trùn	𧉙
trùng	沖	𣹞	蟲	虫	重
trú	住	晝	昼	翥	駐	驻
trúc	筑	築	竺	竹	𥫗	⺮
trúm	𥯓
trúng	中	準
trút	𪫓	𡭲	律	拙	𢯰	淬
trăm	啉	𤾓
trăn	榛	臻	蓁	螓	鄰
trăng	綾	𦝄	菱
trĩ	峙	㭒	痔	穉	稚	耜	褫	豸	雉
trũi	𪒽
trũm	朕	𥬧
trũng	冢
trơ	猪	知	豬
trơi	哜	唎	斎	𩳳	𩲥	齋
trơn	灡	𣹗
trư	猪	菹	葅	豬	躇
trưa	𪰨	𪱂	𪱅	曥	𣌆	𣆐	猪
trưng	征	徵	𥋔	瞪
trương	帳	帐	張	张	賬
trước	𫏾	𠓀	𠠩	略	畧	着	著	𨎠
trướng	幛	帳	帐	怅	悵	漲	涨	脹	肠	胀	腸
trướt	扎
trườn	長	陳
trường	塲	場	场	棖	腸	肠	長	长
trưởng	長	长
trượng	丈	仗	杖
trượt	跌
trạc	擢	櫂	濯	濁	浊	鷟
trạch	宅	擇	𢫞	澤	泽	䖳
trại	寨	砦	豸	賽	赛
trạm	嶄	湛	站
trạng	状	狀	狀
trạnh	𢤜	擲	掷	𧋸	𩹰
trạo	掉	棹	櫂	笊	綽	绰
trạt	扎
trạy	𪡊
trả	呂	把	者	𪁳
trải	戴	𣦰	𣥱	豸
trảm	斬	斩	鏨	錾
trản	琖	盞	盏
trảng	浪
trảo	抓	找	爪
trảu	枛	爪
trảy	雉
trấm	譖	谮	酖	鴆	鸩
trấn	𤂪	瑱	鎮	镇
trấp	廾	廿	揖	汁	蓻
trất	桎	栉	窒	輊	轾	銍
trấu	𫊁	𡔿	𥠬	𥯪
trầm	檀	沉	瀋	沈
trần	塵	尘	裎	陳	陈
trầu	𫈜	𫑱	油	芙	𦺓	蔞	茱	𩻹
trầy	持	池	淶
trẩu	爪
trẩy	𥙒	礼	雉
trẫm	怎	朕	浸
trậm	站
trận	陣	阵
trập	廿	廾	縶	絷	蟄	蛰
trật	帙	秩	袠	跌
trắc	仄	側	侧	惻	恻	昃	𣖡	測	测	陟
trắm	橬	簪	𩻛	𩻕
trắng	壯	𤽸
trắt	側	㗚	秩
trằm	𪷩	沉
trằn	珍	鄰	陳
trặc	側	秩	跌	𨁷
trặn	陣
trẹ	𠶠	滯
trẹo	召	挑
trẹt	徹	撤
trẻ	𪨅	𥘷	穉	稚
trẻo	沼	𤽀
trẽ	𥘶	稚
trẽn	𠹖
trết	哲
trếu	𠾓
trề	𪢏	𠲨	池	滯
trều	嘲	朝
trể	滓
trễ	滯	礼	豸	雉
trệ	彘	滯
trệch	掷	擲
trệt	徹	撤
trệu	咷
trị	値	值	治	胾
trịa	值	値	治
trịch	擲	掷	躑	踯
trịnh	鄭	郑
trịt	徹	撤
trịu	召
trọ	𪜾	住	路
trọc	濁	浊	秃	育	鐲
trọi	磊
trọn	𠓻	𢀧	泈	終	論
trọng	仲	喠	重
trọt	𢫖	揬
trỏ	擼	𢭰	𢸫
trố	𥌧	𥇁	𥇻
trốc	啄	捉	祿	築
trối	𡂳
trốn	准	坉	準	遁	迍
trống	𪟤	𤯨	𤳢	𤿰	𥨨	𥧪	𪁇	𪔠	𪔝
trốt	卒	啐	律
trồ	徂	殂
trồi	㩡	𨀤
trồng	槞	櫳	𣙩	𤿰	種
trổ	擼	𦭦	鑥
trổi	磊
trổng	冢	弄
trỗ	擼
trỗi	𠐞	㑍	𠱤
trộ	戳	𢷅
trội	𫁜	𠱤
trộm	𪸄	濫	濫	𥂉
trộn	論	遁
trộng	哢	重
trớ	咀	縐	绉	詛	诅
trớm	𡆖
trớn	腎	鎮
trớt	札	跌
trờ	持
trời	𡗶
trờm	沈
trở	𪠭	𪩁	𠭤	呂	㨋	與	踷	𧿨	𨔾	阻
trợ	助
trợm	𨇸
trợn	𥌫	𥉲	𥇺
trụ	宙	拄	柱	碡	籀	紂	纣	胄
trục	碡	舳	躅	軸	轴	逐
trụi	㰁
trụm	𢫜
trụng	重
trụt	𠀴	黜
trủng	冢	塚
trứ	箸	筯	著
trứng	𠨡
trứu	皺	皱
trừ	儲	躇	踟	蹰	除
trừng	懲	惩	澄	澂	瞪	𥋔
trừu	抽	紬
trửng	哢	重
trửu	帚	箒	肘
trữ	佇	伫	宁	抒	杼	竚	纻	紵	苎	苧	貯	贮
trực	直
tu	修	脩	啾	羞	須	须	饈	馐	鬚	鬏	𪅭	𪆦
tua	𦄼	蘇	須	鬚
tui	碎
tum	嵩
tun	噂	孫	尊
tung	𡀢	噌	喠	宗	嵩	崧	枞	樅	縱	纵	蹤	踪	騣	騌	鬃
tuy	檇	槜	睢	綏	绥	虽	雖
tuyên	宣	揎
tuyến	腺	線	綫	线
tuyết	雪	鱈	鳕
tuyền	全	旋	泉	璿	璇	鰁	鳈
tuyển	䠣	選	选	雋	隽
tuyệt	捽	毳
tuá	綉	訴
tuân	峋	徇	恂	洵	荀	詢	询	遵
tuôn	𣻆
tuông	𡀢	嵩	崧	𢣆
tuý	粹	醉
tuả	鎖
tuấn	儁	俊	峻	濬	浚	焌	畯	雋	餕	馂	駿	骏
tuất	卹	恤	戌	賉
tuần	廵	循	揗	旬	巡	馴	驯
tuẫn	徇	殉
tuế	嵗	𡻕	岁	歲
tuếch	㖅	唶
tuệ	彗	慧	𢜈	穗	篲	繐	縳
tuệch	𠻊
tuốn	𨆥
tuốt	掇	捽
tuồm	慚
tuồn	洊
tuồng	從
tuổi	𢆫	歲
tuột	𢫫	踤
tuỳ	隨	隋	随
tuỵ	悴	瘁	祟	脺	萃
tuỷ	悴	槜	髓
ty	庳
tà	斜	邪	鈄	鋣
tài	才	材	栽	纔	裁	財	财
tàm	惭	慚	慙	蠶	蚕
tàn	傘	伞	殘	残	𦅮
tàng	層	臧	藏
tành	情	晴
tào	嘈	曹	槽	艚	螬
tàu	槽	艚	蓸
tày	𪯼	齊	齐
tá	些	借	佐	卸	左	邪
tác	𫊴	作	索
tách	𫀥	剒	昔	汐	㳻	滴	碏
tái	再	塞	𦛍	賽	赛
tám	渗	糝	糁
tán	傘	伞	拶	散	讚	贊	赞	賛	霰
táng	丧	喪	搡	脏	葬	䘮	髒
tánh	性
táo	噪	棗	枣	燥	灶	譟	躁
táp	匝	咂	帀	砸	颯	飒
tát	撒	拶	蕯	萨
táu	奏	楱	棗	𣒴
táy	再
tâm	心	忄	㣺	芯
tân	儐	傧	賓	宾	新	槟	檳	梹	瀕	濱	濒	津	滨	繽	缤	薪	辛	鑌	镔	鋅	锌
tâng	增	新	曾
tâu	𠸫	奏
tây	犀	私	恓	西
tã	𫌗	瀉	𣳇	藉	𧛼	袏
tè	𪷗	齊	齐
tèm	潛	潜
tèn	前
tèo	譙
té	𪷉	細	𨄊
tém	僭
téo	哨	笑
tép	𩹫
tét	𫃖	截	節
tê	厮	嘶	廝	擠	撕	挤	犀	𤺳	痹	痺	臍	脐	躋	跻	齑	齏
tê (tây)	組
têm	𢬅
tên	𠸛	𢏡	𥏌	𥏍	研	箭	筅
tênh	惺	精	精
têu	標
tì	婢	枇	琵	毗	疵	砒	脾	茨	蜱	蚍	裨	貔	鼙
tìm	尋	寻
tình	情	晴
tí	伺	子	庇	枲	比	畀	痺	痹	眥	箅	細	臂
tía	𫄕	𫎰	紫
tích	剔	勣	惜	晰	昔	析	滴	潟	淅	瘠	皙	積	积	績	绩	脊	腊	舄	菥	蜥	踖	蹟	跡	躄	躃	蹐	辟	迹	錫	锡	鶺	鹡
tím	僭	紺
tín	信	囟	顖
tính	併	姓	并	性
típ	節
tít	節
tíu	最
tò	𫋑	徂	殂	租	訴
tòi	𪧾	𪱕	嘬	撮	摧	推	頺
tòm	蚕
tòn	存	屯
tòng	丛	从	叢	從	松
tó	素
tóc	𫅯	𩅘	𩯀
tói	繓
tóm	𫃰	𢹪	抋	糝	縿	總
tóp	𦚗
tót	𢬮	捽	猝	踤
tô	囌	甦	𥗹	穌	租	稣	蘇	苏	酥
tôi	𪝬	𫇈	晬	淬	𤏣	焠	碎
tôm	𩵽
tôn	孫	孙	宗	尊	樽	飱	猻	狲	蹲	鱒	鳟
tông	㚇	宗	棕	㯶	𣙺	淙	衝	踪	𩦲	騌	𩯣	鬃
tù	囚	揪	泅	𧣕	遒	酋
tùa	徂	殂	遒
tùi	慛
tùm	尋	慚	抋	蕁
tùng	丛	从	凇	叢	從	忪	松	樷	菘	鬆
tú	宿	秀	繡	綉	绣	蓿	鏽	銹	锈
túa	綉	訴
túc	僳	夙	宿	粟	肅	肃	足	𧾷	蹜	驌	骕
túi	𫄆	繓	襊
túm	𢹨	縿
túng	怂	慫	瘲	疭	縱	纵
túp	𦭧
tý	痹
tăm	吣	𣅵	杺	沁	籖
tăn	㳯	辛
tăng	僧	增	憎	曾	熷	繒	缯	罾
tĩ	痔
tĩn	井	𨩠
tĩnh	凈	净	浄	淨	靓	静	靜
tĩu	剿	小	截
tơ	司	思
tơi	哉	𥯒	𥯨	葸
tơn	曾	辛
tư	咨	司	四	姿	孳	孜	思	滋	瓷	斯	私	糍	糈	緦	𦊛	胥	茲	兹	諝	谞	諮	資	资	趑	鍶	锶	餈	髭	鷀	鹚	鶿
tưng	曾	熷
tưu	湫	蝤	諏	诹	陬	鰌	鯫	鲰
tươi	𥯒	𦞁	𦳦	𩹯	鮮
tươm	𫌄	瀸	瀐	纖
tương	𪶛	厢	將	将	廂	漿	湘	浆	相	箱	緗	葙	襄	醬	酱	鑲	镶	鏘	锵	𨪙	驤	骧
tước	削	嚼	㩱	爵	雀
tưới	𢱓	洅	洒
tướng	將	将	相
tướt	削	𢫫	泄
tường	丬	墻	墙	嬙	庠	戕	檣	樯	𤗼	爿	祥	翔	艢	薔	詳	详
tườu	𠯾
tưởi	載
tưởng	奬	奖	想	桨	槳	蔣	蒋	鲞	鯗
tược	削
tượng	像	匠	橡	象
tượt	削	㮩
tạ	怛	擔	担	榭	藉	謝	谢
tạc	凿	怍	昨	柞	煠	炸	胙	酢	鑿	鏨
tạch	㶤
tại	在
tạm	暫	暂	蹔	鏨	錾
tạng	臟	脏	藏
tạnh	情	晴	浄	淨	𩄳
tạo	皁	皂	造
tạp	卉	卅	卡	咔	朵	杂	襍	雜
tạt	悉	拶
tả	𪭥	写	寫	左	瀉	泻	𣳇	袏
tải	再	載	载
tảm	嶄	崭	糝
tản	傘	伞	撒	散
tảng	喪	嗓	搡	散	𣉕	磉	顙	颡	駔	驵
tảo	掃	扫	早	棗	澡	漕	藻	蚤
tấc	𡬷
tấm	吣	心	𣅵	沁	𤗲	糝	糁	𥺑	𥹀
tấn	擯	摈	晉	晋	殯	汛	縉	缙	繁	訊	讯	迅	進	进	鬢	鬓
tấp	匝	卌	潗	漝	笠	習
tất	毕	嗶	哔	必	悉	𢴑	漆	畢	窸	篳	筚	膝	蓽	蟋	蹕	跸	鞸
tấu	凑	奏	湊	輳	辏
tấy	𤞕	𤶈
tầm	吣	尋	寻	𣅵	樳	潯	浔	燖	䕭	蕁	荨	蟳	鱘	鱏	鲟
tần	嚬	嬪	嫔	燼	燖	秦	蘋	苹	螓	顰	颦	頻	频
tầng	層
tầu	槽	艚
tầy	櫅
tẩm	唚	吣	吢	寝	寢	浸	糝	糁	籸	鋟	锓
tẩn	怎	燼
tẩu	叟	嫂	擻	揍	搂	斗	瞍	藪	薮	謏	走	赱
tẩy	洗	洒
tẫn	殡	殯	燼	烬	牝	臏	膑	藎	髕	髌
tận	儘	侭	尽	盡	羡
tập	习	戢	緝	缉	習	葺	褶	襲	袭	輯	辑	集
tật	嫉	疾	蒺
tậu	𧷹
tắc	則	则	塞	稷	鰂
tắm	𪶚	沁	浸	滲	渗
tắn	晉	晋
tắng	甑	蹭
tắp	潗	集
tắt	𪬤	悉	𢴑	𤎕	熄	𤇩	炪	𨄠	蹯
tằm	蠶	蟳	蚕
tằn	殯	蘋
tằng	层	層	嶒	曾
tặc	賊	贼
tặng	贈	赠
tẹo	勦	嫖	𡮯	悄
tẹp	㨗	捷
tẻ	宰	𢟓	𢗽	矢	穉	𥻮	粃
tẽn	𢤣
tế	壻	婿	濟	济	祭	細	细	蔽	𨄊	際	际	鰶
tếch	𫗸	昔	踖
tết	節	緤
tếu	最
tề	薺	荠	蠐	蛴	齊	齐
tể	仔	宰	崽	擠	挤
tểnh	井	省
tễ	劑	剂	裼	霽	霁	鲚	鱭
tễnh	井	省	省
tệ	幣	币	弊	斃	敝	毙	躋	跻
tệch	𢗇
tỉ	亿	億	俾	兕	媲	妣	姊	屣	徙	比	璽	玺	秭	笫	細	葸	譬
tỉa	宰	𢲟
tỉm	𠺸	潛	潜
tỉn	井	𨩠	𨥙
tỉnh	井	省	穽	醒	阱
tị	仳	巳	𣈢	比	汜	箅	避	鼻
tịch	僻	夕	寂	席	擗	汐	癖	矽	穸	籍	舄	蓆	辟	闢
tịnh	並	凈	净	并	浄	淨	靖	竝	靚
tịt	𠾼	節
tịu	勦	𡮯	悄
tọ	聚
tọc	𢬳	族
tọng	誦
tọp	咂	雜
tọt	揬	突	𨃍	踤
tỏ	𤑟	𤏣	𤍊	祖	訴
tỏi	蒜	蕞
tỏn	損
tỏng	𤄋	總
tố	做	作	嗉	塑	愬	愫	膆	泝	溯	素	訴	诉	遡
tốc	䇿	䔩	觫	謖	蹜	速
tối	啐	對	𣋁	晬	最	𥊴	誶	谇
tốn	噀	巽	損	𦠆	遜	逊
tống	宋	綜	综	送
tốp	𪨞	𠇽	咂
tốt	卒	崒	崪	捽	𧍉	𩫛
tồ	徂	殂
tồi	摧	頺
tồn	存
tồng	從
tổ	祖	組	组
tổn	損	撙	损
tổng	总	總	縂
tộ	祚	阼
tộc	族
tội	罪	辠	𩵽
tộng	誦
tộp	㗱
tột	卒
tớ	伵	佐	四
tới	細
tớn	晋	晉
tờ	祠	詞
tở	子	椊	汓
tởm	𠺸	𢟖
tởn	散
tợ	似	字	自
tợn	𪞼	羡	羨
tợp	集
tụ	聚	褎	袖
tục	俗	𠸘	續	续
tụi	對	最	罪
tụm	𡗎
tụng	从	從	誦	訟	诵	讼	頌	颂
tụt	𢫫
tủ	匬
tủi	𡀬	啐	𢣃	懟	𢢇	悴	怼	碎
tủm	𠺸
tủn	損
tủng	悚	慫	㩳	㧐	耸	聾	聳	聋
tứ	伺	四	恣	思	漬	渍	肆	賜	赐	駟	驷
tức	即	卽	媳	息	熄	螅
từ	徐	慈	甆	瓷	磁	祠	自	詞	词	辭	辤	辞
từa	似
từng	層	曾	頻
tử	仔	子	崽	梓	榟	死	沮	𤜭	籽	紫	茈	訾
tử2	𡤼
tửa	虸
tửu	酒
tự	似	叙	敘	嗣	姒	字	寺	序	敍	㭒	汜	沮	牸	禩	祀	礻	緒	绪	耜	自	食	飼	飼	饲
tựa	似	序	𢭸
tựu	僦	就	鷲	鹫
tỳ	琵	脾
tỷ	姉	姊	璽	葸
u	𠶑	嗚	呦	𡠄	幽	麀	黝
ua	咼
um	喑	𤋾
un	煴
ung	壅	癰	痈	臃	齆	邕	雝	雍	𩍓	饔
uy	倭	喂	威	葳	餵
uyên	淵	渊	鴛	鵷	鸳
uyết	噦	哕
uyển	剜	婉	宛	惋	碗	腕	苑	菀	蜿	豌
uá	𦼇
uân	氲
uôm	揞
uông	𠴝	尢	尣	汪	尪
uý	尉	慰	熨	畏	蔚
uýnh	塋
uạ	噁
uả	咼	𢝸
uất	熨	蔚	郁	鬱
uẩn	韞	愠	緼	藴	蕴	醖	酝
uế	委	濊	痿	穢	秽	薈
uể	濊
uốn	婉	宛	𢺝	捥	藴
uống	㕵	㳹
uổng	枉
uỳ	萎
uỷ	委	逶	䰀
va	𠇕	𠳿	巴	𢯠	撝	𧥔
vai	𪤿	𦢳	𦠘
van	𠺺	𠹚	呅
vang	𪟸	㘇	榮	𣞁
vanh	嶸	㩞	㨲	榮	蠑
vay	噅	围	𢠿	撝	爲	𧹋
ve	𢠿	䃣	蟡
ven	𫑊	塤	邊	边	鉛
veo	𤅜	漂	𣷴
vi	为	圍	囗	围	幃	帏	微	溦	爲	為	葦	薇	苇	違	违	闈	闱	韦	韋
vin	圓	損	援
vinh	㘇	榮	縈	荣	萦	蠑	蝾
vioòng	𪽃
vioóc	𪽁
viêm	炎
viên	員	员	圜	園	圓	圆	园	垣	湲	爰	猿	袁	轅	辕
viếng	𠶇	咏	永
viết	曰
viền	𧜘	𧟁
viển	遠	远
viễn	遠	远
việc	役
viện	媛	援	院
việt	戉	樾	粤	越	鉞
vo	于	呋	吁	扜
voi	㺔	𤢇	𤠅
von	𪡫	員	𠹚	𡻖	文	芃	葻
vong	亡	忘	芒
vu	于	吁	圩	巫	廡	杅	盂	竽	紆	纡	蕪	芋	芜	誣	诬	迂	雩
vua	𪻟	𪼀	君	𢃊	𢂜	𢁨	𤤰
vui	𢝙	𢠿	𣡝	盃
vun	坟	𡍋	𢱔	捹	𢶻
vung	𪢷	𡑵	𡍙	𢶻	捹
vuông	𪯵	𪯾	𣄇	𣃱	方
vuối	貝
vuốt	𪺨	𢴩	捽	潷	爪	𤢇	猝
vuột	𤏫
và	𪽡	吧	喡	𡝕	𢯓	𢯠	頗
vài	𠄽	吧	排
vàm	𪵬	汛
vàn	万	萬
vàng	傍	横	癀	鐄	黄
vành	榮	栐	𤗖	𥯋	鑅
vào	𠓨	瓢	皮
vày	撝	𢯷
vá	播	𦀪
vác	𫆶	博	域	搏	越
vách	壁	璧
vái	𠳿	拜	𣍁
ván	板	版
váng	𫃮	往	𤷮
vánh	永
váo	𠾷
váp	叭
vát	叭	扒	越	趴
váy	𢭶	𧚟
vân	云	紜	紋	纭	耘	蕓	芸	雲
vâng	𠳐	邦
vây	𪩼	圍	𡆫	渭	𩻟
vã	𪬎	且	𠳿	尾	𡳎	把	浘	𤀞	渚	𨁱	𨘘
vãi	𠉜	娓	尾	捤	𢭶
vãn	娩	往	挽	晚	輓
vãng	往
vãy	捤
vè	圍
vèo	𠶓	瓢
vé	派
vén	援	爰
véo	𠶓
vét	𢵼	𢪏	𧑅
vê	撝
vênh	榮	永
vêu	搖	𩩩
vì	位	爲
ví	啻	𠸠	喟	圍	𡆫	爲	譬
vía	𤽶
vích	擗
vính	咏
vít	𢪏	曰	𥿀
víu	㧼	裱
vò	于	圩	宇	扜	紆	虶	趶
vòi	㖣	𠴖	喑	𡸏	𦞑
vòm	𢊫
vòng	𠺯	妄	𤥑	釯	𨦩
vó	𥿠	𨀒
vóc	𫃚	朴	𦄾	纀	𦘱
vói	𢭲
vóng	𣶈	罔
vót	啐	𡼸	挬	𢴩	越
vô	亡	无	毋	毌	無
vôi	𪿙	梖	灰	𥔦
vông	𣜳
võ	宇	武	㽳	疗	羽
võng	𫒥	惘	網	罒	网	罔	輞	辋	魍
vù	吁
vùa	圩	扶
vùi	𡏧	培	𢮏	𣼯	焙	盃
vùn	湓
vùng	塳	摓	𤀘	漨	𣳔	用
vú	𠄀	乳	布	𦜘
vút	孛
văn	文	炆	紋	纹	闻	聞	蚊	雯
văng	冰	㩞	挷	榮
vĩ	偉	伟	娓	尾	炜	煒	爲	瑋	玮	緯	纬	韙	韪
vĩnh	永
vũ	侮	圉	圄	嫵	妩	娬	宇	廡	庑	怃	憮	武	禹	羽	羽	舞	雨	鵡	鹉
vũm	𨮍
vũng	淎	漨
vơ	撝	爲
vơi	潙
vư	廡
vưu	尢	尤	疣	肬	魷	鱿
vươn	𫏖	爰
vương	王	𥿁
vướng	王	𦁽	𥿁	紡
vườn	園	园
vưởng	彷	紡	𥿁
vưỡn	𢮵
vược	䱛	鰔
vượn	𤢥	猿	𤠴
vượng	旺
vượt	𣾼	越
vạ	禍	𥘑
vạc	𫓆	𠟲	鑊	鸌	𪅫
vạch	劃	㩇	攊	拍	画	畵	畫
vại	𡓎	𡏯	㙕
vạm	淡	𦡣
vạn	万	伴	㘇	萬
vạng	往	暀
vạnh	泳	詠
vạt	𫌐	拔	篾	蔑	𧛌
vạy	𣍁	𣒠
vả	且	咀	尾	𡲤	播	抯	把	梶
vải	尾	𡲫	𣞻	梶	𥜀	𦃿	𦀿
vảng	往	徬	榜	蕩
vảnh	𢫕	永
vảy	𪨖	捤	𩺩	𩷛	𩷳
vấn	問	𢮵	抆	璺	縝	问
vấp	趿
vất	勿	𢪥	𢪱	曰
vấu	搆	𤓺
vấy	渭
vần	運	韻
vầng	暈
vầu	筮	苞
vầy	丕	喡	圍	𡆫	𢯷	抺	𤎶
vẩn	𪷡	刎	問	吻	染	沕	𣼶	運
vẩy	捤	𢫕	浘	洒	𩷛	𩷳
vẫn	刎	吻	抆	殞	殒	脗	隕	陨
vẫy	𢭶	捤	浘
vận	運	运	韻
vập	及	扱
vật	勿	𢪥	𢪱	沕	物
vậy	丕
vắc	閾
vắn	問	𥏿	𥐆	短	𥐔
vắng	問	咏	永
vắp	趿
vắt	𢪱	沕	𧉚	𧊥
vằm	𨮍
vằn	紋
vằng	焩	𤇒
vẳng	刎	咏	𠻵	永	詠
vặc	域	淢	𤊨	畑
vặn	問	𢱨	抆	紊	運
vặt	勿	吻	𢪱
vẹm	䗊
vẹn	援	院
vẹo	𪴽	挑	𣍅	表	𩬆
vẹt	𢵼	樾	越	𪆧	𩿠	𪀚
vẻ	𡲈	𨤔
vẻn	援	遠
vẻo	㧼	撝	𣷴
vẽ	𪽗	𡲈	𡳒	捤	𦘧
vế	𫆝	䏶	髀
vếch	辟
vết	曰	𤵖	𧿭
vếu	表
về	撝	衛	𧗱
vểnh	𢫕	榮	永	𦕟
vệ	卫	衛	衞
vệch	画	畫
vện	紋	院
vệt	𪽸	畫	越
vỉ	偉	𠳿	娓	䇻
vỉa	㙔	緯
vị	位	为	匯	味	喟	彙	未	汇	渭	洧	滙	爲	為	猬	胃	蝟	謂	谓	鮪	鲔
vịm	埮
vịn	援
vịnh	咏	泳	淎	詠
vịt	𪆧	𩿠	鴨
vọ	䳱	鵡	鶩
vọc	𡂈	扑	撲
vọi	𠴖	𡻓	𡸏
vọm	𢭷
vọng	妄	望	罔
vọp	𢯒
vọt	挬	𣔻	桲	浡	潷	𨁝
vỏ	𤿭	補
vỏi	㺔	𥐋	𧸒
vỏn	㖹	本	遠
vố	布	𢷵
vốc	卜
vối	梖	蓓
vốn	本
vồ	撫	橅	𨅮
vồn	㖹	盆
vồng	𡑵	𡍙	虹	釯
vổ	𠱶	嘸
vổng	棒
vỗ	嘸	憪	𢷵	撫	𢯞	把	舞
vội	𪬽	𫏚	𫑒	倍	踣	茣
vớ	播	撝
với	众	喟	𢭲	某	貝	買
vớt	𢵼	𢬮	抇	𣾼
vờ	𪝩	噅	潙	爲	蟡
vời	撝	排	潙	渭
vờn	援	溳	焉	運
vở	𥒮	𦅴
vởn	往	湲
vỡ	𥒮	𥓅	𥓶	破
vỡi	𡳹
vợ	𡞕	婦
vợi	潙	渭
vợn	𨆣
vợt	𦅲
vụ	侮	務	务	杅	樗	舞	霧	𩅗	雾	騖	骛	䳱	鶩	鹜
vục	撲	扑	𢪗	𣱶
vụm	𢭷
vụn	𢫆
vụng	俸	唪	奉	𢜗	淎
vụt	挬	桲	樾	𨁝	𨅗
vủi	𧸒
vức	域	幗
vứt	𢪥
vừa	𪾆	𣃣	𣃤	皮
vừng	彙	暈	𥣐
vữa	㳪
vững	任	凭
vựa	備	𣖜	𥡘
vực	域	淢	蜮	閾	魊
vựng	彙	暈	晕
xa	佘	奢	柁	𤥭	硨	砗	賒	赊	車	车
xaay	搓
xai	猜
xam	攙	𥊀	縿
xan	飡	湎	餐
xang	唱	腔	𨖅
xanh	𫕹	撑	撐	瞠	𥑥	赬	赪	鐣	鐺	錆	铛	鉎	青
xao	嗃	搞	抄	敲	稍
xay	𡏦	𢴘	搓	槎
xe	𦀺	車
xem	占	䀡	䄡	袩	覘
xen	偏	扦	𦍫
xeo	摽	跳
xi	侈	吹	熾	蚩
xia	廁
xin	嗔	吀
xinh	撐	撑	生	𦎡
xiêm	幨	暹	襜	袩	覘
xiên	串	偏	吀	川	扦	羶
xiêu	漂	跳
xiếc	𪨜
xiết	制	掣	折	瘛	瘈
xiếu	僄	跳
xiềng	侱	整	鋥
xiểm	諂	謟	谄
xiển	蕆	蒇	闡	阐
xiểng	侱	𥸍
xo	軀
xoa	叉	扠	捘	杈	衩
xoan	春	楝	椿
xoang	腔
xoay	𡏦	搓	𣒱	磋
xoe	傻	吹	𧷝
xoen	穿
xoi	𢭻
xom	採	探
xon	𢰦
xong	戎	衝
xoà	汊	沙
xoài	𢭻	𣒱
xoàm	𩰃
xoàn	瓚
xoàng	𨠵
xoá	𪷮	挅	扠	舍	赦
xoán	篡
xoát	脱
xoáy	蠢	鬠
xoã	撦	鎖
xoè	𢭻	隨
xoét	歠	朏
xoăn	𧿺	釧	𩭵
xoạ	傻
xoảng	磢	𨙥	鑽
xoắn	釧
xoắt	𧿺
xoẳn	蠢
xoẹt	輟
xu	𫆃	𫆉	姝	枢	樞	趨	趋
xua	嘔	吹	摳
xui	𠺼	咥	吹	𨁰
xum	森
xun	敦	餐
xung	冲	𢥞	忡	沖	翀	艟	衝	鈡
xuy	吹	媸	炊	笞
xuyên	串	川	巛	氚	穿
xuyến	串	戰	釧	钏
xuyết	剟	啜	掇	歠	綴	缀	腏	輟	辍
xuyền	耑
xuyễn	踹
xuân	春	椿
xuê	吹
xuôi	𠀿	吹	𣵶
xuý	吹	醉
xuýt	啜
xuất	出	齣
xuẩn	惷	蠢
xuắt	𧿺
xuế	傺	吹	贅
xuề	吹
xuể	吹
xuống	𪧍	𨑜
xuồng	艟	𦩰
xuổng	鑨	錩
xà	柁	杈	𤥭	硨	砗	蛇	虵
xài	喍	支
xàm	讒	譫
xành	𥑥	酲
xào	嗃	敲	炒	𤇤
xàu	愁
xá	厙	厍	姹	岔	汊	舍	赦
xác	𠳗	壳	𢭜	搉	殼	確	碻	确	錯	𩩬
xách	尺	捇	索
xái	𡳁	屎	採	衩
xám	監	藍
xán	燦	灿	粲
xáo	操	𢫚	𤇤	炒	草	造
xáp	夾	挾	捃	𦝥
xát	擦	澀	濇	涩
xáu	吜
xáy	踩	跴
xâm	侵	簽	籖	鋟	駸	骎
xân	嗔
xâu	偻	搜	𦄓
xây	𡏦	搓	磋
xã	社
xè	唓	蠐
xèng	禪	禅	闡
xèo	𠾸	潮	饒
xé	𢹊	扯	熾
xém	炶
xén	釧	闡
xéo	𣌺	袑
xép	𠿂	插
xét	𪹾	察	𥌀
xê	啛	支	蠐	𨁰
xên	𤇣
xênh	𫕸	啨	撑	撐	生	笙
xì	事	嚏	吹
xình	呈	酲
xìu	僄
xí	侈	企	厠	厕	幟	帜	廁	熾	炽	跂
xía	廁	掣
xích	呎	哧	尺	斥	𦀗	赤	𨁯	辵	辶	鈬	䤲	錫
xính	听	𠴔	聽	酲
xíp	淁
xít	折	蜇	𧋍
xíu	僄	𡭰	𡮜
xó	厝	𡏣	樞	𥨧	臭
xóc	捉	朔	槊	觸
xói	㩡	跮
xóm	坫	店	村	邨
xóp	丸	執
xót	咄	悴	㤕	淬
xô	摳	搊	抠	樞	縐	趨
xôi	吹	炊	𥺏	𥸷	𥺔
xôm	𣋨
xôn	𠮿	噋	㖔	吞	𢚳	敦	訕
xông	冲	終	衝	𨃸
xõng	勇
xù	樞	驅
xùi	吹	洡
xùm	𠸬	森
xùng	崇
xú	臭	趣	醜
xúc	亍	促	娖	矗	触	觸	蹴	蹙	龊
xúi	驅
xúm	𠎊	呫	坫	森	炶
xúng	衝	銃
xúp	執	执
xăm	侵	採	探	𥊀	䈜	𨃏	鋟	駸
xăn	搷
xăng	腔
xĩnh	省
xũ	樞	臭	醜
xơ	义	初	疏	疎	賖	車
xơi	吹	嗟
xơm	侵
xư	樗
xưa	𫋶	初	𠸗
xưng	稱	称
xương	昌	猖	荭	𩩫	鯧	鲳
xước	淖	綽	䓬	辶	辵
xướng	倡	唱	娼	錩
xưởng	厰	厂	廠
xược	啅	綽
xạ	射	麝
xạc	壳	確	落
xạch	尺	捇
xạm	湛
xạo	𠻛	𠻥	奪	造
xạp	雜
xạu	召	咷	𠰉
xả	卸	撦	捨	扯	舍
xảm	减	減
xảo	巧	狡
xảy	仕	侈
xấc	倬
xấm	𠸬
xấp	執	𢵸	插	执
xấu	丑	瘦	臭	醜
xầm	𠸬	諶
xầu	愁
xầy	柴
xẩm	嬸	湛	眈	耽
xẩu	䏔
xẩy	侈
xập	㕸	拉	習
xắc	劕	𢭜	職
xắn	𢷂	振	搷
xắng	唱
xắp	丸	執	濈
xắt	割
xằng	𠳹	繩	𦀾
xẳng	僘	唱
xẵng	唱
xẹo	𪝹	妙
xẹp	扒	插
xẹt	咧	徹	𨆾
xẻ	𫒬	劑	𠝓	扯	鑡	𨦁	齒
xẻn	闡
xẻng	剷	鏟
xẻo	刟	沼	漂
xế	𪰮	制	尺	掣	㫼	潷	熾	眦	眥	篦	蓖	萆	車
xếch	𪯰	呎	斥	𨁯	䤲	隻
xếp	攝	插	摄	疊
xềnh	酲
xều	摽
xển	省	闡
xễ	滯
xệ	豉
xệch	尺	擲	斥	隻
xệp	拉
xệu	妙	料	跳
xỉ	侈	𠯽	嗤	哆	吹	恥	指	耻	蚩	褫	齒	齿
xỉa	𠽑	𢸡	齒	齿
xỉn	㐱	𡂌
xỉnh	省	省
xỉu	𫐽	僄	愀	眇	𦕈
xị	豉
xịa	𠽑
xịch	尺	斥
xịt	㘉	哳
xịu	悼
xọ	数	數
xọc	蜀
xọp	𣼳
xỏ	擻	搝	𥩍
xốc	捌	捉	觸
xối	洷	𤂬	㵊	𣻇
xốn	寸	忖
xống	𫌒	𠗸	冲	𧜙	貢
xốp	𣐝	㯿	𣙫
xồ	㗙	粗
xồi	毳
xồm	毯	薝	𩮕
xồn	吨
xồng	𨅃
xổ	搝	擞	擻	醜
xổi	𡂳	咥	𠾕	磊	𩟬
xổm	跕	踮
xổn	忖	混
xổng	董
xộc	朔	觸	躅
xộn	𡚃	沌
xộp	㯿	鱲
xớ	𠽁	处	處
xới	𪝻	𢬿	扯	𢗋
xớm	籃
xớn	趁
xớt	擦	跌	𨧣
xờ	徐	疏	疎	除
xời	喍
xờm	岑	移	笘	籃
xở	处	處
xởi	址	𢸡	扯
xởn	闡
xợp	𪵠	擸	𣼳
xợt	跌
xụ	樞	聚
xục	亍	㗜
xụi	𨁰
xụng	𦄸
xụp	執	执
xụt	卒	湥
xủ	聚
xủi	咥	吹
xứ	処	处	處	䖏
xứa	庶
xức	𢲦	拭	矗	職
xứng	稱	秤	称
xừ	鋤	鉏
xừng	𠦿	澄
xử	処	处	處	䖏
xửng	拯
y	依	伊	医	噫	咿	毉	漪	猗	繄	衣	衤	醫	銥	铱	鷖	鹥
yêm	俺	奄	㛪	懨	懕	恹	淹	渰	淊	腌	醃	閹	阉
yên	堙	嫣	安	湮	煙	焉	燕	烟	焱	臙	胭	蔫	菸	鄢	陻	鞍
yêng	英
yêu	吆	夭	妖	幺	㤇	𢞅	約	约	腰	要	邀
yếm	厭	厌	𧞣	饜	餍
yến	𫋩	咽	嬿	宴	晏	燕	讌	醼	鷰	鷃	鴳
yết	咽	揭	楬	歇	蠍	蝎	謁	谒	軋	轧
yếu	𪽳	夭	要
yểm	嚈	埯	奄	揜	弇	掩	罨	魘	魇	黶
yển	偃	堰	蝘	鼹	鼴
yểng	𪅬	𪆣
yểu	夭	杳	殀	窈	𥥐	𥥆	舀
à	啊	阿
ành	𠸄
ào	𠯻	呦	泑
á	亞	亚	啞	哑	娅	婭	氬	氩	痖	瘂
ác	惡	恶	握	渥	𪅴	鵶	鴉
ách	厄	嗌	呃	扼	搤	軛	阨
ái	叆	噯	垭	埡	嬡	愛	曖	暧	欸	爱	蔼	藹	誒	靉	靄	霭
ái,áy	噯
ám	揞	暗	腤	闇	𩹎
án	按	𢭬	案
áng	盎
ánh	媵	暎	映
áo	𪥌	奥	懊	襖	袄	隩	靿
áp	压	壓	㛕	押	鴨	鸭
át	乙	𢖮	握	遏	頞
áy	噯	懓	愛	意	曖	燰
âm	喑	𤋾	瘖	窨	萻	陰	阴	隂	音
ân	恩	慇	殷
âu	區	区	幼	怄	慪	憂	歐	欧	漚	甌	瓯	謳	讴	鷗	鸥	鴎
âu,u	怮
è	咿	𠲖
èo	夭	妖
é	薏
éc	噁
ém	掩
én	燕
éo	喓	𢞅	𢰳	要
ép	𢹥	抽	押
ét	𠮙	押	謁
ê	𠲖	醯
êm	𪪅	俺	厭	㛪	淹	腌
êu	㕭
ì	伊
ích	益	鎰	镒
ít	𠃣	𠃝
òi	喂
òng	翁
ó	鵶
óc	𫇂	𫘴	𠴎	沃	腛
ói	喂
ón	穩
óng	嗡	鞅
óp	浥	邑
ót	𠃱	𣜶
ô	乌	嗚	呜	圬	𢄓	摀	捂	於	杇	汚	污	汙	洿	溩	烏	𦶀	鎢	钨
ôi	偎	喂	煨	隈
ôm	揞	掩
ôn	温	瘟	鰛	鳁
ông	𪪳	嗡	䈵	翁	螉
õng	慃	䐥
ù	㗀	𠶑	幽
ùa	咼
ùm	喑	湆
ùn	揾
ú	噁	嗚	啂	𥼳	𥻼	𦠲
úa	𪹪	癋	𦼇
úc	懊	澳	燠	䐿
úi	喂
úm	唵
úng	𡄐	𤃟	甕	瓮	雍
úp	挹	𧠅
út	𠃷	𠃝	崴	𧰦
ý	懿	意	薏	鐿	镱	鷾
ăm	奄
ăn	𫃀	𫗒	咹	𩛖
ăng	盎	隱
đa	多	栘	𥹠	𪀓
đai	𪥔	墆	岱	帶	帒	𧜵
đam	丹	儋	担	眈	耽	耼	聃	躭	酖
đan	丹	單	彈	弹	撣	攔	殚	殫	箪	簞
đang	同	東	档	檔	當	襠	裆
đanh	疔	釘
đao	刀	刂	⺈	叨	忉	艻	魛
đao đứng	刂
đau	叨	𠲢	唒	忉	𤴬	茤
đay	低	𠴓	㭽
đe	哆	𠴓	砥
đem	冘	𨑴	酖
đen	顛	黰
đeo	刀	刁	㧅	撩	鳥
đi	𪠞	𠫾	多
đinh	丁	仃	叮	汀	玎	疔	盯	耵	艼	釘	钉	靪
điu	𠰀	𧔿	蛁	虭	調
điêm	掂	𩬑
điên	傎	敁	癲	癫	顛	颠
điêu	丢	佻	凋	刁	叼	彫	碉	貂	銚	铫	雕	鯛	鲷	鵰	鼦
điếc	𤷭	的	𦖡	𦖑
điếm	唸	墊	坫	垫	店	惦	怗	掂	炶	玷	阽
điến	癜
điếng	典	叮	殿	頂
điếu	吊	弔	斗	釣	钓
điềm	兆	恬	甜	菾
điền	佃	填	滇	甸	田	畋	鈿	钿
điều	條	条	樤	笤	綢	縧	䌷	調	调	迢	髫	鰷	齠	龆
điểm	点	踮	點
điển	典	殄	痶	碘
điểu	𪸧	窎	窵	鳥	鸟
điễn	㥏	覥	觍
điệm	唸	坫	店	炶	簟
điện	奠	殿	澱	淀	电	電	靛
điệp	叠	喋	堞	牒	疊	碟	蝶	蜨	褶	諜	谍	鰈	鲽
điệt	侄	垤	姪	昳	瓞	耋	蛭	迭
điệu	悼	掉	窕	調	调
đo	妬	𡳢	度	𢵋	拓	都
đoan	耑	湍	端
đom	㶩	䏙
đon	扽	敦	迍	頓
đong	冬	㨂	𢫝	𣁲	𨒟
đoài	兑
đoàn	团	摶	抟	椴	段	糰	鍛	锻
đoàng	𪺃	嘡	堂
đoành	㷚
đoá	刴	剁	垜	垛	朵	朶	𤉛	躱	躲
đoái	兑	𥆟
đoán	斷	断	煅	簖	籪
đoạ	墮	堕	惰	鬌
đoạn	斷	断	段	緞	缎
đoạt	夺	奪
đoản	短
đoảng	恍	黨
đu	悠	攸	𣛭	都	鞦
đua	嘟	𢵋	𨅮	都
đui	𥊖
đun	撴	燉	焞
đuã	𥮊
đuôi	𡳪
đuông	𫉓	蟷	𧑒
đuềnh	忊	𢝜	渟
đuểnh	頂
đuốc	𤒘	燭	𤆷
đuối	𪶊	涗	濧	𩼷
đuổi	𧻐	𨆷	𨘗
đuỗn	短
đuột	突
đà	㐌	佗	坨	它	拖	拕	柁	沱	砣	舵	𧹟	跎	跥	跺	酡	陀	馱	驮	駝	驼	鴕	鸵	鼧
đài	台	擡	抬	檯	臺	苔	薹	駘	骀	鮐	鲐
đàm	曇	昙	潭	痰	覃	談	譚	谈	錟	锬
đàn	亶	壇	坍	坛	𡊨	彈	弹	檀	罈
đàng	唐	塘
đành	仃	停	𠷥	𢝜	忊	溋
đào	佻	咷	啕	姚	掏	桃	濤	淘	涛	萄	逃	迯	陶	髫
đày	台	𢰥	苔
đá	𥒥	跢
đác	度	得	渡	笪	達	鐸
đái	帶	带	戴	滯
đám	𡌽	坫	店	潭	炶	盎	酖
đán	担	旦	石
đáng	𠎬	当	擋	攩	挡	澢	當	鐙	镫
đánh	打
đáo	到	幬	帱
đáp	嗒	搭	瘩	褡	答	荅
đát	妲	怛	笪	靼
đáu	到	𠲢	𠴼	唒
đáy	帶	𢋴	底	𣷳	滯
đâm	𠜭	𠛌	擔	𢭽	抌	𨮊	鈂
đâng	鐙
đâu	丢	兜	叨
đây	低	底
đã	㐌	吔	諸
đãi	叇	代	待	怠	殆	歹	𣹘	逮	迨	隶	靆
đãng	宕	烫	盪	蕩	荡	菪
đãy	帒	𧛶	袋
đè	提	碮
đèn	炳	畑
đèo	岹	㧅
đé	底
đém	玷	點
đéo	𡡅	㨶	𦛉	鳥
đép	𤗽	牒
đét	𪸽	妲	怛	担	的
đê	低	堤	帝	杕	氐	羝	隄
đêm	店	𣎀	點
đênh	汀
đêu	彫
đì	𠽮	㫝	胝
đìa	池	𣾸
đình	亭	仃	停	婷	庭	廷	葶	蜓	霆	鼮
đìu	調
đí	帝
đích	嘀	嫡	的	菂	鏑	镝
đính	嵿	椗	碇	訂	订	釘	钉	頂	飣	饤
đít	的	𦡯	𦝂
đíu	𠰀
đò	徒	渡	𣺺	𦪂
đòi	𠐬	𠾕	堆	𡡦	𢢊	隊
đòm	𦗌
đòn	杶	𤵊
đòng	秱	茼	銅
đó	𪥾	𪦆	妬	帝	拓	𥯉
đói	对	𩟡
đóm	炶	𧍈	點
đón	噋	扽	断	燉	䠣	迍	頓
đóng	凍	㨂	棟
đót	𣔻	葖
đô	嘟	𥳉	都
đôi	堆	對	碓	隊
đôm	沓
đôn	墩	惇	撉	敦	炖	燉	蹲
đông	凍	冻	冬	咚	東	东	氡	氭	疼	胨	腖	𨒟	鶇	鸫
đù	𡀤	度	鮽
đùa	嘟	𢟎	𢴉	摳
đùi	𦢶	𦟿	𨄟
đùm	撢	𦅰	𧝓	衴
đùn	吨	𡑓	𡶁	扽	撴	敦	炖	𧉙
đùng	哃	同	洞	𪔚
đú	妒	妬
đúc	𡓞	拙	𤒘	𥽪	𨯹	鐲
đúm	坫	撴	炶
đún	屯	頓
đúng	中	棟	董
đút	揬	賥
đăm	抌	眈
đăng	燈	灯	登	簦	䔲	鐙
đĩ	𡞖	𡚦	妓	𡛜
đĩa	𡌡	𥒦	𥐨	𥓵	𥒥	碟
đĩnh	丁	挺	艇	錠	鋌	釘	锭
đũa	𪳌	杜	𥮊	箸	筷
đũi	𦆹	𦅭
đũng	慟	董	襠	𧜻
đơ	多
đơm	眈
đơn	丹	单	單	疸
đư	𣴙
đưa	拸	迻
đương	当	擋	當	蟷	鐺	铛
đước	㯖	特
đười	𤢬	𤠂	臺
đườn	壇
đường	唐	塘	堂	搪	棠	榶	溏	糖	膛	螳	醣	鏜	镗	餳	饧
đưỡn	胆
được	得	待	特
đượm	淡	㷋
đạc	度	渡	踱	鐸	铎
đạch	劃
đại	代	𠰺	𡐡	埭	大	岱	杕	瑇	玳	袋	軑	黛
đạm	噉	嘬	啖	啗	氮	淡	窞
đạn	彈	弹	惮	憚	磾
đạo	導	导	盜	盗	稻	蹈	道
đạp	耷	㧺	沓	踏	蹋	遝
đạt	噠	哒	達	达
đả	打	灺	炧
đảm	怛	擔	担	疸	膽	胆	薝
đản	但	撣	撢	掸	疍	癉	瘅	蛋	袒	誕	诞	𧩙	鉭	钽
đảng	党	讜	谠	黨
đảnh	頂
đảo	倒	島	岛	擣	搗	捣	捯	燾	焘	禱	祷
đảy	待
đấm	𢶸	抌
đấng	𠎬	當	等
đất	𡐙	坦	待
đấu	𫔯	斗	鬦	鬥
đấy	帝
đầm	潭	淫
đần	仃	屯	𢠈	掸
đầu	亠	头	姚	投	㪗	頭	骰
đầy	𪞅	𠫅	𠫆	苔	𧀟	菭
đẩu	抖	斗	蚪	阧	陡
đẩy	待	𢱜	掋	𢩵
đẫm	担	沉	淫	踸	𨤮
đẫn	癉	瘅
đẫy	𠰺	帒	待	悌	𦞒
đậm	湛	潭	沈
đận	彈	弹
đập	𡏽	㧺	撘	扱	拾	拉
đật	坦	達
đậu	杜	梄	痘	窦	竇	脰	讀	读	豆	逗	餖	饾
đậy	𠸤	𠰺	帒	待
đắc	得	鍀	锝
đắm	沈	沉	耽
đắn	怛	担	旦
đắng	凳	登	䔲	蹬	鄧	邓
đắp	垥	搭	撘	揲	扱
đắt	坦	得	怛
đằm	潭	淫
đằn	寅	彈
đằng	噔	唐	滕	𥸎	籐	藤	螣	謄	誊	虅	騰	腾	鰧
đẳng	戥	等
đẵm	担	沉
đẵn	𠜬	怛	担	𨧝
đẵng	蕩	鄧
đặc	特
đặm	淡
đặn	惮	憚	磾
đặng	蹬	鄧	鐙
đặt	噠	撻	讀	达	達
đẹn	癜	痶
đẹp	𫅠	惵	𢢲	擛	葉
đẹt	姪
đẻ	𪽅	𤯿	𤯰	𦝉
đẻn	𧌎
đẽ	底	悌
đẽo	𠞸	𠜏	㨶	搗	𨄙	鳥
đế	坻	帝	柢	締	缔	蒂	諦	谛	蹄
đếch	的
đếm	掂	點
đến	典	旦	𦤾	𦥃	𨀏
đề	啼	提	㮛	柢	洟	𣾸	渧	締	緹	蹄	蹏	醍	題	题	鯷	鳀	鴺	鵜	鹈
đềm	𪪆	恬	𧛋
đền	𪽛	𡊰	填	搷	殿
đềnh	鼎
đều	調
để	帝	底	抵	牴	砥	觝	詆	诋	邸	骶
đểnh	鼎
đểu	𢞬	搗
đễ	悌	銻
đễnh	鼎
đệ	娣	弟	棣	第	遞	递
đệm	移	笘	𧝓	𧛋
đệp	沓	疊
đệt	狄
đỉa	𧍉
đỉnh	侹	嵿	梃	酊	頂	顶	鼎
đỉu	𪆤
địa	地
địch	敵	敌	滌	涤	狄	笛	糴	籴	翟	苖	趯	踧	逷	迪	逖
định	定
địt	𨗵	𨕀
địu	棹
đọ	度
đọc	讀	鐲
đọi	隊
đọng	洞
đọt	稡	葖	𧎛
đỏ	𪜕	𪴄	杜	𧹼	𧹥	赭	𧺃
đỏi	𦅭
đỏm	𫅝	炶	𦏄
đỏng	慟	懂	董
đố	妒	妬	拓	螙
đốc	丢	𡓞	督	篤	笃	銩	铥
đối	對	对	𣝉	濧	𩼷
đốm	𤇮	炶
đốn	噸	吨	屯	扽	迍	頓	顿
đống	凍	冻	埬	棟	栋	胨	腖
đốp	沓
đốt	咄	𢱞	柮	炪	焠	𤈜	𥯝	𦝬	茁	葖	飿
đồ	图	塗	屠	度	徒	涂	菟	途	𨢕	酴	闍	阇
đồi	𡑖	堆	𡾫	岱	玳	穨	𥣧	隤	頺	頽	颓
đồn	吨	屯	窀	臀	䐁	訰	飩	饨	魨	鲀
đồng	仝	僮	同	垌	彤	桐	瞳	眮	童	筒	筩	艟	茼	衕	銅	铜
đổ	堵	杜	睹	覩	賭	赌	踷	鍺
đổi	𪫼	𢷮	𢫊
đổng	𡀇	懂	董
đỗ	𢾖	杜	肚	蠹
đỗi	𡑖	對	隊
đỗng	峝	恸	慟	硐
độ	度	渡	鍍	镀
độc	凟	椟	櫝	毒	瀆	渎	牘	牍	犢	犊	獨	独	碡	讟	讀	读	髑	黷	黩
đội	憝	隊	队
độn	囤	𣎴	沌	盹	躉	趸	遯	遁	鈍	钝
động	動	动	峒	峝	恫	洞	硐	胴
độp	沓
đột	凸	秩	突	腯	跌
đớ	哆	拖	拕	𥒅	𥒥
đới	帶
đớn	疸
đớp	㗳	答
đớt	噠	妲
đờ	咜	拕	沱
đời	𠁀	代
đờm	痰
đởn	但
đỡ	扡	拖	拕
đợ	助	度	拖	扽	拕
đợi	𫁧	待
đợt	突	達
đục	濁	𨯹	鑟	鐲
đụi	墜	墮	隊
đụn	𫃉	囤	庉
đụng	動	用
đụp	䋎	𧛆
đụt	突	𥯝
đủ	妬	度	𣛭	睹	覩	𨇜	𨁥	踷	都
đủi	𢷮	𢫊	𪆤
đủng	董	𨆟
đứ	哆	𥒥
đứa	𠁂	𠀲	丁	亭	仃	侈	矴	𥒥
đức	德
đứng	𠎬	等	𨅸
đứt	𠞹	𠛣	坦	𢴑	䋎
đừ	沱	𣴙
đừa	迻
đừng	仃	停	𣫲
đử	与	打
đực	特
đựng	鄧
ơ	於
ơi	𠲖	㗒	意
ơm	陰	音
ơn	恩
ư	於
ưa	𪦟	𢖵	𢛨	於
ưng	膺	应	應	鷹	鹰
ưu	優	优	忧	憂
ươi	𤠆	𤠱	猿
ươm	淹
ươn	胺
ương	𫊬	坱	央	怏	殃	泱	秧	鴦	鸯
ước	約	约	藥	药	葯
ướm	厭	嚈	唵	懨	𧞣
ướn	按
ướp	押	浥
ướt	㲸	𣿌	遏
ườn	胺
ưởi	餲
ưởng	怏	钖	鍚	鞅
ưỡn	𫎼	㨃
ạ	啊	啞
ạc	噁	喝
ạch	厄
ạo	呦	𠯻
ạt	𣿌
ả	婭	妸
ải	呃	溢	矮	縊	缢	隘
ảm	黯
ảng	坱
ảnh	影	癭	瘿
ảo	幻	懊	拗	抝
ấm	𠿮	喑	堷	廕	𢉩	𤋾	瘖	蔭	荫	𨯛
ấn	印	按	鮣	䲟
ấp	悒	揖	挹	浥	邑	阝
ất	乙	乚
ất dạng 3	𠃌
ất dạng 4 (1)	乚
ất dạng 4 (2)	𠃊
ấtdạng2	乛
ấu	幼	拗	柪	苭
ấy	𪬫	𠂎	倚	意	𧘇	衣
ầm	喑	𩆢
ẩm	𣼩	飲	饮
ẩn	癮	瘾	隱	隐
ẩu	嘔	呕	嫗	妪	媪	抝	毆	殴
ẩy	𢶶	挨
ẫm	𠿮
ậm	𠿮	音
ập	揖	浥	𨁲
ắc	乙
ắng	印
ắp	抽	押
ắt	乙	𢖮	必
ẵm	揞
ặc	乙	喝
ẹp	抽	押
ẻn	嚥	𠼸
ẻo	殀	𥥐
ế	医	噎	曀	殪	瘗	瘞	瞖	翳	餲
ếch	螠
ếm	厭	壓	掩
ếp	押
ề	𠲖
ềnh	𠸄
ễn	偃
ễnh	偃	𠸄
ệch	𡒪
ện	𠼸
ỉa	依	𥺿
ỉm	掩
ỉn	穩	稳
ỉu	夭
ịch	厄	益
ịt	𠃣	咽
ọ	嗚	塢	𣹙
ọc	屋	𣹙
ọp	浥	邑
ọt	喔	揾
ỏ	𫉩	嗚
ỏi	𪨆	喂	煨	隘
ỏm	𠿮
ỏn	𪢖	𡅏	𡅯	穩
ỏng	䐥
ố	惡	恶	汚	污	洿	癋
ốc	喔	屋	幄	握	沃	渥	𧎜
ối	偎	渨
ốm	瘖
ống	𫊿	滃	甕	䈵	䐥	蓊
ốp	挹	揖	押	榅	𧋾	邑
ồ	㮧	溩
ồm	喑
ồn	𫔹	𡀦	嗢	温
ồng	翁
ổ	塢	坞	洿	隖
ổi	偎	傀	喂	椳	猥	猣	餵	餧
ổn	𡀦	温	穩	稳	隱
ổng	甕	翁
ộc	喔
ộp	𧋾
ột	喐	腽
ớ	唹	啞	於
ới	意
ớn	𠹵	𢞴
ớt	𫐚	𣎷	𣜶	艺	遏
ờ	於
ở	𣄒	於
ỡm	𠿮	喑	飲
ợ	唹
ợt	遏
ụ	塢
ục	喐	噢	澳
ụp	挹	浥
ụt	𧰦
ủ	傴	伛	噢	喔	塢
ủa	𢝸
ủi	墛	慰	熨
ủn	穩
ủng	擁	拥	臃	蕹	雍	𩍓
ứ	唹	於	淤	瘀	飫	饫
ứa	淤	瘀	𩜏
ức	亿	億	忆	憶	抑	癔	臆	肊
ứng	膺	应	應	𧃽
ừ	唹
ừng	應
ửng	怏	𦁾	𧃽	隱
ự	唹
ựa	瘀
ực	𡄯	吃	𠳑	抑
ỵ	衣
ỷ	倚	依	旖	椅	綺	绮	𧱺
